snum,months,days,sex,cond,GNG,gazeOnOff,trial,trialType,startTime,endTime,duration
2,221,17,1,"{'Hab': ['DenH', 'DenD', 'DenF', 'DenA', 'DenA', 'DenF', 'DenF', 'DenA', 'DenE', 'DenC', 'DenH', 'DenH', 'DenB', 'DenC', 'DenG', 'DenB', 'DenD', 'DenC', 'DenG', 'DenD', 'DenB', 'DenE', 'DenE', 'DenG'], 'ISI': ['yellowlightshort.mov'], 'AttenGet': ['AttenGet.mov'], 'Same': ['DenA', 'DenG', 'DenC', 'DenB', 'DenF', 'DenE', 'DenD', 'DenH'], 'Switch': ['RetA', 'RetG', 'RetC', 'RetB', 'RetF', 'RetE', 'RetD', 'RetH']}",1,1,1,AttenGet,0,0.4219083000007231,0.4219083000007231
2,221,17,1,"{'Hab': ['DenH', 'DenD', 'DenF', 'DenA', 'DenA', 'DenF', 'DenF', 'DenA', 'DenE', 'DenC', 'DenH', 'DenH', 'DenB', 'DenC', 'DenG', 'DenB', 'DenD', 'DenC', 'DenG', 'DenD', 'DenB', 'DenE', 'DenE', 'DenG'], 'ISI': ['yellowlightshort.mov'], 'AttenGet': ['AttenGet.mov'], 'Same': ['DenA', 'DenG', 'DenC', 'DenB', 'DenF', 'DenE', 'DenD', 'DenH'], 'Switch': ['RetA', 'RetG', 'RetC', 'RetB', 'RetF', 'RetE', 'RetD', 'RetH']}",1,0,1,AttenGet,0.4219126000007236,0.5549824000008812,0.13306980000015756
2,221,17,1,"{'Hab': ['DenH', 'DenD', 'DenF', 'DenA', 'DenA', 'DenF', 'DenF', 'DenA', 'DenE', 'DenC', 'DenH', 'DenH', 'DenB', 'DenC', 'DenG', 'DenB', 'DenD', 'DenC', 'DenG', 'DenD', 'DenB', 'DenE', 'DenE', 'DenG'], 'ISI': ['yellowlightshort.mov'], 'AttenGet': ['AttenGet.mov'], 'Same': ['DenA', 'DenG', 'DenC', 'DenB', 'DenF', 'DenE', 'DenD', 'DenH'], 'Switch': ['RetA', 'RetG', 'RetC', 'RetB', 'RetF', 'RetE', 'RetD', 'RetH']}",1,1,1,AttenGet,0.5549799000000348,1.2549111000007542,0.6999312000007194
2,221,17,1,"{'Hab': ['DenH', 'DenD', 'DenF', 'DenA', 'DenA', 'DenF', 'DenF', 'DenA', 'DenE', 'DenC', 'DenH', 'DenH', 'DenB', 'DenC', 'DenG', 'DenB', 'DenD', 'DenC', 'DenG', 'DenD', 'DenB', 'DenE', 'DenE', 'DenG'], 'ISI': ['yellowlightshort.mov'], 'AttenGet': ['AttenGet.mov'], 'Same': ['DenA', 'DenG', 'DenC', 'DenB', 'DenF', 'DenE', 'DenD', 'DenH'], 'Switch': ['RetA', 'RetG', 'RetC', 'RetB', 'RetF', 'RetE', 'RetD', 'RetH']}",1,0,1,AttenGet,1.2549135999997816,1.37191410000014,0.11700050000035844
2,221,17,1,"{'Hab': ['DenH', 'DenD', 'DenF', 'DenA', 'DenA', 'DenF', 'DenF', 'DenA', 'DenE', 'DenC', 'DenH', 'DenH', 'DenB', 'DenC', 'DenG', 'DenB', 'DenD', 'DenC', 'DenG', 'DenD', 'DenB', 'DenE', 'DenE', 'DenG'], 'ISI': ['yellowlightshort.mov'], 'AttenGet': ['AttenGet.mov'], 'Same': ['DenA', 'DenG', 'DenC', 'DenB', 'DenF', 'DenE', 'DenD', 'DenH'], 'Switch': ['RetA', 'RetG', 'RetC', 'RetB', 'RetF', 'RetE', 'RetD', 'RetH']}",1,1,1,AttenGet,1.3719103999992512,3.188748200000191,1.8168378000009398
2,221,17,1,"{'Hab': ['DenH', 'DenD', 'DenF', 'DenA', 'DenA', 'DenF', 'DenF', 'DenA', 'DenE', 'DenC', 'DenH', 'DenH', 'DenB', 'DenC', 'DenG', 'DenB', 'DenD', 'DenC', 'DenG', 'DenD', 'DenB', 'DenE', 'DenE', 'DenG'], 'ISI': ['yellowlightshort.mov'], 'AttenGet': ['AttenGet.mov'], 'Same': ['DenA', 'DenG', 'DenC', 'DenB', 'DenF', 'DenE', 'DenD', 'DenH'], 'Switch': ['RetA', 'RetG', 'RetC', 'RetB', 'RetF', 'RetE', 'RetD', 'RetH']}",1,0,1,AttenGet,3.1887521000007837,3.338746800000081,0.14999469999929715
2,221,17,1,"{'Hab': ['DenH', 'DenD', 'DenF', 'DenA', 'DenA', 'DenF', 'DenF', 'DenA', 'DenE', 'DenC', 'DenH', 'DenH', 'DenB', 'DenC', 'DenG', 'DenB', 'DenD', 'DenC', 'DenG', 'DenD', 'DenB', 'DenE', 'DenE', 'DenG'], 'ISI': ['yellowlightshort.mov'], 'AttenGet': ['AttenGet.mov'], 'Same': ['DenA', 'DenG', 'DenC', 'DenB', 'DenF', 'DenE', 'DenD', 'DenH'], 'Switch': ['RetA', 'RetG', 'RetC', 'RetB', 'RetF', 'RetE', 'RetD', 'RetH']}",1,1,1,AttenGet,3.338742899999488,6.822254200000316,3.4835113000008278
2,221,17,1,"{'Hab': ['DenH', 'DenD', 'DenF', 'DenA', 'DenA', 'DenF', 'DenF', 'DenA', 'DenE', 'DenC', 'DenH', 'DenH', 'DenB', 'DenC', 'DenG', 'DenB', 'DenD', 'DenC', 'DenG', 'DenD', 'DenB', 'DenE', 'DenE', 'DenG'], 'ISI': ['yellowlightshort.mov'], 'AttenGet': ['AttenGet.mov'], 'Same': ['DenA', 'DenG', 'DenC', 'DenB', 'DenF', 'DenE', 'DenD', 'DenH'], 'Switch': ['RetA', 'RetG', 'RetC', 'RetB', 'RetF', 'RetE', 'RetD', 'RetH']}",1,0,1,AttenGet,6.8222583000006125,6.9886808000010205,0.16642250000040804
2,221,17,1,"{'Hab': ['DenH', 'DenD', 'DenF', 'DenA', 'DenA', 'DenF', 'DenF', 'DenA', 'DenE', 'DenC', 'DenH', 'DenH', 'DenB', 'DenC', 'DenG', 'DenB', 'DenD', 'DenC', 'DenG', 'DenD', 'DenB', 'DenE', 'DenE', 'DenG'], 'ISI': ['yellowlightshort.mov'], 'AttenGet': ['AttenGet.mov'], 'Same': ['DenA', 'DenG', 'DenC', 'DenB', 'DenF', 'DenE', 'DenD', 'DenH'], 'Switch': ['RetA', 'RetG', 'RetC', 'RetB', 'RetF', 'RetE', 'RetD', 'RetH']}",1,1,1,AttenGet,6.988678699999582,7.005403600000136,0.016724900000554044
2,221,17,1,"{'Hab': ['DenH', 'DenD', 'DenF', 'DenA', 'DenA', 'DenF', 'DenF', 'DenA', 'DenE', 'DenC', 'DenH', 'DenH', 'DenB', 'DenC', 'DenG', 'DenB', 'DenD', 'DenC', 'DenG', 'DenD', 'DenB', 'DenE', 'DenE', 'DenG'], 'ISI': ['yellowlightshort.mov'], 'AttenGet': ['AttenGet.mov'], 'Same': ['DenA', 'DenG', 'DenC', 'DenB', 'DenF', 'DenE', 'DenD', 'DenH'], 'Switch': ['RetA', 'RetG', 'RetC', 'RetB', 'RetF', 'RetE', 'RetD', 'RetH']}",1,0,1,AttenGet,7.005405600000813,7.022028999999748,0.016623399998934474
2,221,17,1,"{'Hab': ['DenH', 'DenD', 'DenF', 'DenA', 'DenA', 'DenF', 'DenF', 'DenA', 'DenE', 'DenC', 'DenH', 'DenH', 'DenB', 'DenC', 'DenG', 'DenB', 'DenD', 'DenC', 'DenG', 'DenD', 'DenB', 'DenE', 'DenE', 'DenG'], 'ISI': ['yellowlightshort.mov'], 'AttenGet': ['AttenGet.mov'], 'Same': ['DenA', 'DenG', 'DenC', 'DenB', 'DenF', 'DenE', 'DenD', 'DenH'], 'Switch': ['RetA', 'RetG', 'RetC', 'RetB', 'RetF', 'RetE', 'RetD', 'RetH']}",1,1,1,AttenGet,7.0220270000008895,8.255409900000814,1.2333828999999241
2,221,17,1,"{'Hab': ['DenH', 'DenD', 'DenF', 'DenA', 'DenA', 'DenF', 'DenF', 'DenA', 'DenE', 'DenC', 'DenH', 'DenH', 'DenB', 'DenC', 'DenG', 'DenB', 'DenD', 'DenC', 'DenG', 'DenD', 'DenB', 'DenE', 'DenE', 'DenG'], 'ISI': ['yellowlightshort.mov'], 'AttenGet': ['AttenGet.mov'], 'Same': ['DenA', 'DenG', 'DenC', 'DenB', 'DenF', 'DenE', 'DenD', 'DenH'], 'Switch': ['RetA', 'RetG', 'RetC', 'RetB', 'RetF', 'RetE', 'RetD', 'RetH']}",1,0,1,AttenGet,8.255412000000433,8.505467200000567,0.2500552000001335
2,221,17,1,"{'Hab': ['DenH', 'DenD', 'DenF', 'DenA', 'DenA', 'DenF', 'DenF', 'DenA', 'DenE', 'DenC', 'DenH', 'DenH', 'DenB', 'DenC', 'DenG', 'DenB', 'DenD', 'DenC', 'DenG', 'DenD', 'DenB', 'DenE', 'DenE', 'DenG'], 'ISI': ['yellowlightshort.mov'], 'AttenGet': ['AttenGet.mov'], 'Same': ['DenA', 'DenG', 'DenC', 'DenB', 'DenF', 'DenE', 'DenD', 'DenH'], 'Switch': ['RetA', 'RetG', 'RetC', 'RetB', 'RetF', 'RetE', 'RetD', 'RetH']}",1,1,1,AttenGet,8.505465100000947,9.23872780000056,0.7332626999996137
2,221,17,1,"{'Hab': ['DenH', 'DenD', 'DenF', 'DenA', 'DenA', 'DenF', 'DenF', 'DenA', 'DenE', 'DenC', 'DenH', 'DenH', 'DenB', 'DenC', 'DenG', 'DenB', 'DenD', 'DenC', 'DenG', 'DenD', 'DenB', 'DenE', 'DenE', 'DenG'], 'ISI': ['yellowlightshort.mov'], 'AttenGet': ['AttenGet.mov'], 'Same': ['DenA', 'DenG', 'DenC', 'DenB', 'DenF', 'DenE', 'DenD', 'DenH'], 'Switch': ['RetA', 'RetG', 'RetC', 'RetB', 'RetF', 'RetE', 'RetD', 'RetH']}",1,0,1,AttenGet,9.238729799999419,9.405560200000764,0.16683040000134497
2,221,17,1,"{'Hab': ['DenH', 'DenD', 'DenF', 'DenA', 'DenA', 'DenF', 'DenF', 'DenA', 'DenE', 'DenC', 'DenH', 'DenH', 'DenB', 'DenC', 'DenG', 'DenB', 'DenD', 'DenC', 'DenG', 'DenD', 'DenB', 'DenE', 'DenE', 'DenG'], 'ISI': ['yellowlightshort.mov'], 'AttenGet': ['AttenGet.mov'], 'Same': ['DenA', 'DenG', 'DenC', 'DenB', 'DenF', 'DenE', 'DenD', 'DenH'], 'Switch': ['RetA', 'RetG', 'RetC', 'RetB', 'RetF', 'RetE', 'RetD', 'RetH']}",1,1,1,AttenGet,9.405558000000383,9.42210840000007,0.016550399999687215
2,221,17,1,"{'Hab': ['DenH', 'DenD', 'DenF', 'DenA', 'DenA', 'DenF', 'DenF', 'DenA', 'DenE', 'DenC', 'DenH', 'DenH', 'DenB', 'DenC', 'DenG', 'DenB', 'DenD', 'DenC', 'DenG', 'DenD', 'DenB', 'DenE', 'DenE', 'DenG'], 'ISI': ['yellowlightshort.mov'], 'AttenGet': ['AttenGet.mov'], 'Same': ['DenA', 'DenG', 'DenC', 'DenB', 'DenF', 'DenE', 'DenD', 'DenH'], 'Switch': ['RetA', 'RetG', 'RetC', 'RetB', 'RetF', 'RetE', 'RetD', 'RetH']}",1,0,1,AttenGet,9.42211049999969,9.488964800000758,0.06685430000106862
2,221,17,1,"{'Hab': ['DenH', 'DenD', 'DenF', 'DenA', 'DenA', 'DenF', 'DenF', 'DenA', 'DenE', 'DenC', 'DenH', 'DenH', 'DenB', 'DenC', 'DenG', 'DenB', 'DenD', 'DenC', 'DenG', 'DenD', 'DenB', 'DenE', 'DenE', 'DenG'], 'ISI': ['yellowlightshort.mov'], 'AttenGet': ['AttenGet.mov'], 'Same': ['DenA', 'DenG', 'DenC', 'DenB', 'DenF', 'DenE', 'DenD', 'DenH'], 'Switch': ['RetA', 'RetG', 'RetC', 'RetB', 'RetF', 'RetE', 'RetD', 'RetH']}",1,1,1,AttenGet,9.488962900000843,9.505511999999726,0.01654909999888332
2,221,17,1,"{'Hab': ['DenH', 'DenD', 'DenF', 'DenA', 'DenA', 'DenF', 'DenF', 'DenA', 'DenE', 'DenC', 'DenH', 'DenH', 'DenB', 'DenC', 'DenG', 'DenB', 'DenD', 'DenC', 'DenG', 'DenD', 'DenB', 'DenE', 'DenE', 'DenG'], 'ISI': ['yellowlightshort.mov'], 'AttenGet': ['AttenGet.mov'], 'Same': ['DenA', 'DenG', 'DenC', 'DenB', 'DenF', 'DenE', 'DenD', 'DenH'], 'Switch': ['RetA', 'RetG', 'RetC', 'RetB', 'RetF', 'RetE', 'RetD', 'RetH']}",1,0,1,AttenGet,9.505514099999345,9.522153800000524,0.016639700001178426
2,221,17,1,"{'Hab': ['DenH', 'DenD', 'DenF', 'DenA', 'DenA', 'DenF', 'DenF', 'DenA', 'DenE', 'DenC', 'DenH', 'DenH', 'DenB', 'DenC', 'DenG', 'DenB', 'DenD', 'DenC', 'DenG', 'DenD', 'DenB', 'DenE', 'DenE', 'DenG'], 'ISI': ['yellowlightshort.mov'], 'AttenGet': ['AttenGet.mov'], 'Same': ['DenA', 'DenG', 'DenC', 'DenB', 'DenF', 'DenE', 'DenD', 'DenH'], 'Switch': ['RetA', 'RetG', 'RetC', 'RetB', 'RetF', 'RetE', 'RetD', 'RetH']}",1,1,1,AttenGet,9.522151799999847,10.138821200000166,0.616669400000319
2,221,17,1,"{'Hab': ['DenH', 'DenD', 'DenF', 'DenA', 'DenA', 'DenF', 'DenF', 'DenA', 'DenE', 'DenC', 'DenH', 'DenH', 'DenB', 'DenC', 'DenG', 'DenB', 'DenD', 'DenC', 'DenG', 'DenD', 'DenB', 'DenE', 'DenE', 'DenG'], 'ISI': ['yellowlightshort.mov'], 'AttenGet': ['AttenGet.mov'], 'Same': ['DenA', 'DenG', 'DenC', 'DenB', 'DenF', 'DenE', 'DenD', 'DenH'], 'Switch': ['RetA', 'RetG', 'RetC', 'RetB', 'RetF', 'RetE', 'RetD', 'RetH']}",1,0,1,AttenGet,10.138823100000081,10.305591899999854,0.16676879999977245
2,221,17,1,"{'Hab': ['DenH', 'DenD', 'DenF', 'DenA', 'DenA', 'DenF', 'DenF', 'DenA', 'DenE', 'DenC', 'DenH', 'DenH', 'DenB', 'DenC', 'DenG', 'DenB', 'DenD', 'DenC', 'DenG', 'DenD', 'DenB', 'DenE', 'DenE', 'DenG'], 'ISI': ['yellowlightshort.mov'], 'AttenGet': ['AttenGet.mov'], 'Same': ['DenA', 'DenG', 'DenC', 'DenB', 'DenF', 'DenE', 'DenD', 'DenH'], 'Switch': ['RetA', 'RetG', 'RetC', 'RetB', 'RetF', 'RetE', 'RetD', 'RetH']}",1,1,1,AttenGet,10.305589800000234,12.005664700000125,1.7000748999998905
2,221,17,1,"{'Hab': ['DenH', 'DenD', 'DenF', 'DenA', 'DenA', 'DenF', 'DenF', 'DenA', 'DenE', 'DenC', 'DenH', 'DenH', 'DenB', 'DenC', 'DenG', 'DenB', 'DenD', 'DenC', 'DenG', 'DenD', 'DenB', 'DenE', 'DenE', 'DenG'], 'ISI': ['yellowlightshort.mov'], 'AttenGet': ['AttenGet.mov'], 'Same': ['DenA', 'DenG', 'DenC', 'DenB', 'DenF', 'DenE', 'DenD', 'DenH'], 'Switch': ['RetA', 'RetG', 'RetC', 'RetB', 'RetF', 'RetE', 'RetD', 'RetH']}",1,1,2,Hab,0,1.010746800000561,1.010746800000561
2,221,17,1,"{'Hab': ['DenH', 'DenD', 'DenF', 'DenA', 'DenA', 'DenF', 'DenF', 'DenA', 'DenE', 'DenC', 'DenH', 'DenH', 'DenB', 'DenC', 'DenG', 'DenB', 'DenD', 'DenC', 'DenG', 'DenD', 'DenB', 'DenE', 'DenE', 'DenG'], 'ISI': ['yellowlightshort.mov'], 'AttenGet': ['AttenGet.mov'], 'Same': ['DenA', 'DenG', 'DenC', 'DenB', 'DenF', 'DenE', 'DenD', 'DenH'], 'Switch': ['RetA', 'RetG', 'RetC', 'RetB', 'RetF', 'RetE', 'RetD', 'RetH']}",1,1,3,Hab,0,0.19354650000059337,0.19354650000059337
2,221,17,1,"{'Hab': ['DenH', 'DenD', 'DenF', 'DenA', 'DenA', 'DenF', 'DenF', 'DenA', 'DenE', 'DenC', 'DenH', 'DenH', 'DenB', 'DenC', 'DenG', 'DenB', 'DenD', 'DenC', 'DenG', 'DenD', 'DenB', 'DenE', 'DenE', 'DenG'], 'ISI': ['yellowlightshort.mov'], 'AttenGet': ['AttenGet.mov'], 'Same': ['DenA', 'DenG', 'DenC', 'DenB', 'DenF', 'DenE', 'DenD', 'DenH'], 'Switch': ['RetA', 'RetG', 'RetC', 'RetB', 'RetF', 'RetE', 'RetD', 'RetH']}",1,0,3,Hab,0.1935486000002129,0.32676510000055714,0.13321650000034424
2,221,17,1,"{'Hab': ['DenH', 'DenD', 'DenF', 'DenA', 'DenA', 'DenF', 'DenF', 'DenA', 'DenE', 'DenC', 'DenH', 'DenH', 'DenB', 'DenC', 'DenG', 'DenB', 'DenD', 'DenC', 'DenG', 'DenD', 'DenB', 'DenE', 'DenE', 'DenG'], 'ISI': ['yellowlightshort.mov'], 'AttenGet': ['AttenGet.mov'], 'Same': ['DenA', 'DenG', 'DenC', 'DenB', 'DenF', 'DenE', 'DenD', 'DenH'], 'Switch': ['RetA', 'RetG', 'RetC', 'RetB', 'RetF', 'RetE', 'RetD', 'RetH']}",1,1,3,Hab,0.32676309999988007,0.34357490000002144,0.016811800000141375
2,221,17,1,"{'Hab': ['DenH', 'DenD', 'DenF', 'DenA', 'DenA', 'DenF', 'DenF', 'DenA', 'DenE', 'DenC', 'DenH', 'DenH', 'DenB', 'DenC', 'DenG', 'DenB', 'DenD', 'DenC', 'DenG', 'DenD', 'DenB', 'DenE', 'DenE', 'DenG'], 'ISI': ['yellowlightshort.mov'], 'AttenGet': ['AttenGet.mov'], 'Same': ['DenA', 'DenG', 'DenC', 'DenB', 'DenF', 'DenE', 'DenD', 'DenH'], 'Switch': ['RetA', 'RetG', 'RetC', 'RetB', 'RetF', 'RetE', 'RetD', 'RetH']}",1,0,3,Hab,0.3435769000006985,0.3602511000008235,0.016674200000124983
2,221,17,1,"{'Hab': ['DenH', 'DenD', 'DenF', 'DenA', 'DenA', 'DenF', 'DenF', 'DenA', 'DenE', 'DenC', 'DenH', 'DenH', 'DenB', 'DenC', 'DenG', 'DenB', 'DenD', 'DenC', 'DenG', 'DenD', 'DenB', 'DenE', 'DenE', 'DenG'], 'ISI': ['yellowlightshort.mov'], 'AttenGet': ['AttenGet.mov'], 'Same': ['DenA', 'DenG', 'DenC', 'DenB', 'DenF', 'DenE', 'DenD', 'DenH'], 'Switch': ['RetA', 'RetG', 'RetC', 'RetB', 'RetF', 'RetE', 'RetD', 'RetH']}",1,1,3,Hab,0.3602491000001464,1.0102326000014727,0.6499835000013263
2,221,17,1,"{'Hab': ['DenH', 'DenD', 'DenF', 'DenA', 'DenA', 'DenF', 'DenF', 'DenA', 'DenE', 'DenC', 'DenH', 'DenH', 'DenB', 'DenC', 'DenG', 'DenB', 'DenD', 'DenC', 'DenG', 'DenD', 'DenB', 'DenE', 'DenE', 'DenG'], 'ISI': ['yellowlightshort.mov'], 'AttenGet': ['AttenGet.mov'], 'Same': ['DenA', 'DenG', 'DenC', 'DenB', 'DenF', 'DenE', 'DenD', 'DenH'], 'Switch': ['RetA', 'RetG', 'RetC', 'RetB', 'RetF', 'RetE', 'RetD', 'RetH']}",1,1,4,Hab,0,0.12387470000066969,0.12387470000066969
2,221,17,1,"{'Hab': ['DenH', 'DenD', 'DenF', 'DenA', 'DenA', 'DenF', 'DenF', 'DenA', 'DenE', 'DenC', 'DenH', 'DenH', 'DenB', 'DenC', 'DenG', 'DenB', 'DenD', 'DenC', 'DenG', 'DenD', 'DenB', 'DenE', 'DenE', 'DenG'], 'ISI': ['yellowlightshort.mov'], 'AttenGet': ['AttenGet.mov'], 'Same': ['DenA', 'DenG', 'DenC', 'DenB', 'DenF', 'DenE', 'DenD', 'DenH'], 'Switch': ['RetA', 'RetG', 'RetC', 'RetB', 'RetF', 'RetE', 'RetD', 'RetH']}",1,0,4,Hab,0.12387680000028922,0.3572533000005933,0.23337650000030408
2,221,17,1,"{'Hab': ['DenH', 'DenD', 'DenF', 'DenA', 'DenA', 'DenF', 'DenF', 'DenA', 'DenE', 'DenC', 'DenH', 'DenH', 'DenB', 'DenC', 'DenG', 'DenB', 'DenD', 'DenC', 'DenG', 'DenD', 'DenB', 'DenE', 'DenE', 'DenG'], 'ISI': ['yellowlightshort.mov'], 'AttenGet': ['AttenGet.mov'], 'Same': ['DenA', 'DenG', 'DenC', 'DenB', 'DenF', 'DenE', 'DenD', 'DenH'], 'Switch': ['RetA', 'RetG', 'RetC', 'RetB', 'RetF', 'RetE', 'RetD', 'RetH']}",1,1,4,Hab,0.3572511999991548,0.9072063999992679,0.5499552000001131
2,221,17,1,"{'Hab': ['DenH', 'DenD', 'DenF', 'DenA', 'DenA', 'DenF', 'DenF', 'DenA', 'DenE', 'DenC', 'DenH', 'DenH', 'DenB', 'DenC', 'DenG', 'DenB', 'DenD', 'DenC', 'DenG', 'DenD', 'DenB', 'DenE', 'DenE', 'DenG'], 'ISI': ['yellowlightshort.mov'], 'AttenGet': ['AttenGet.mov'], 'Same': ['DenA', 'DenG', 'DenC', 'DenB', 'DenF', 'DenE', 'DenD', 'DenH'], 'Switch': ['RetA', 'RetG', 'RetC', 'RetB', 'RetF', 'RetE', 'RetD', 'RetH']}",1,0,4,Hab,0.9072084999988874,1.0071869000003062,0.09997840000141878
2,221,17,1,"{'Hab': ['DenH', 'DenD', 'DenF', 'DenA', 'DenA', 'DenF', 'DenF', 'DenA', 'DenE', 'DenC', 'DenH', 'DenH', 'DenB', 'DenC', 'DenG', 'DenB', 'DenD', 'DenC', 'DenG', 'DenD', 'DenB', 'DenE', 'DenE', 'DenG'], 'ISI': ['yellowlightshort.mov'], 'AttenGet': ['AttenGet.mov'], 'Same': ['DenA', 'DenG', 'DenC', 'DenB', 'DenF', 'DenE', 'DenD', 'DenH'], 'Switch': ['RetA', 'RetG', 'RetC', 'RetB', 'RetF', 'RetE', 'RetD', 'RetH']}",1,1,5,Hab,0,0.3608376000011049,0.3608376000011049
2,221,17,1,"{'Hab': ['DenH', 'DenD', 'DenF', 'DenA', 'DenA', 'DenF', 'DenF', 'DenA', 'DenE', 'DenC', 'DenH', 'DenH', 'DenB', 'DenC', 'DenG', 'DenB', 'DenD', 'DenC', 'DenG', 'DenD', 'DenB', 'DenE', 'DenE', 'DenG'], 'ISI': ['yellowlightshort.mov'], 'AttenGet': ['AttenGet.mov'], 'Same': ['DenA', 'DenG', 'DenC', 'DenB', 'DenF', 'DenE', 'DenD', 'DenH'], 'Switch': ['RetA', 'RetG', 'RetC', 'RetB', 'RetF', 'RetE', 'RetD', 'RetH']}",1,0,5,Hab,0.3608397000007244,0.5774908000003052,0.21665109999958077
2,221,17,1,"{'Hab': ['DenH', 'DenD', 'DenF', 'DenA', 'DenA', 'DenF', 'DenF', 'DenA', 'DenE', 'DenC', 'DenH', 'DenH', 'DenB', 'DenC', 'DenG', 'DenB', 'DenD', 'DenC', 'DenG', 'DenD', 'DenB', 'DenE', 'DenE', 'DenG'], 'ISI': ['yellowlightshort.mov'], 'AttenGet': ['AttenGet.mov'], 'Same': ['DenA', 'DenG', 'DenC', 'DenB', 'DenF', 'DenE', 'DenD', 'DenH'], 'Switch': ['RetA', 'RetG', 'RetC', 'RetB', 'RetF', 'RetE', 'RetD', 'RetH']}",1,1,5,Hab,0.5774889000003895,0.7441331999998511,0.1666442999994615
2,221,17,1,"{'Hab': ['DenH', 'DenD', 'DenF', 'DenA', 'DenA', 'DenF', 'DenF', 'DenA', 'DenE', 'DenC', 'DenH', 'DenH', 'DenB', 'DenC', 'DenG', 'DenB', 'DenD', 'DenC', 'DenG', 'DenD', 'DenB', 'DenE', 'DenE', 'DenG'], 'ISI': ['yellowlightshort.mov'], 'AttenGet': ['AttenGet.mov'], 'Same': ['DenA', 'DenG', 'DenC', 'DenB', 'DenF', 'DenE', 'DenD', 'DenH'], 'Switch': ['RetA', 'RetG', 'RetC', 'RetB', 'RetF', 'RetE', 'RetD', 'RetH']}",1,0,5,Hab,0.7441352000005281,0.8774840000005497,0.13334880000002158
2,221,17,1,"{'Hab': ['DenH', 'DenD', 'DenF', 'DenA', 'DenA', 'DenF', 'DenF', 'DenA', 'DenE', 'DenC', 'DenH', 'DenH', 'DenB', 'DenC', 'DenG', 'DenB', 'DenD', 'DenC', 'DenG', 'DenD', 'DenB', 'DenE', 'DenE', 'DenG'], 'ISI': ['yellowlightshort.mov'], 'AttenGet': ['AttenGet.mov'], 'Same': ['DenA', 'DenG', 'DenC', 'DenB', 'DenF', 'DenE', 'DenD', 'DenH'], 'Switch': ['RetA', 'RetG', 'RetC', 'RetB', 'RetF', 'RetE', 'RetD', 'RetH']}",1,1,5,Hab,0.8774819000009302,1.0107592999993358,0.1332773999984056
2,221,17,1,"{'Hab': ['DenH', 'DenD', 'DenF', 'DenA', 'DenA', 'DenF', 'DenF', 'DenA', 'DenE', 'DenC', 'DenH', 'DenH', 'DenB', 'DenC', 'DenG', 'DenB', 'DenD', 'DenC', 'DenG', 'DenD', 'DenB', 'DenE', 'DenE', 'DenG'], 'ISI': ['yellowlightshort.mov'], 'AttenGet': ['AttenGet.mov'], 'Same': ['DenA', 'DenG', 'DenC', 'DenB', 'DenF', 'DenE', 'DenD', 'DenH'], 'Switch': ['RetA', 'RetG', 'RetC', 'RetB', 'RetF', 'RetE', 'RetD', 'RetH']}",1,1,6,Hab,0,0.5102686999998696,0.5102686999998696
2,221,17,1,"{'Hab': ['DenH', 'DenD', 'DenF', 'DenA', 'DenA', 'DenF', 'DenF', 'DenA', 'DenE', 'DenC', 'DenH', 'DenH', 'DenB', 'DenC', 'DenG', 'DenB', 'DenD', 'DenC', 'DenG', 'DenD', 'DenB', 'DenE', 'DenE', 'DenG'], 'ISI': ['yellowlightshort.mov'], 'AttenGet': ['AttenGet.mov'], 'Same': ['DenA', 'DenG', 'DenC', 'DenB', 'DenF', 'DenE', 'DenD', 'DenH'], 'Switch': ['RetA', 'RetG', 'RetC', 'RetB', 'RetF', 'RetE', 'RetD', 'RetH']}",1,0,6,Hab,0.5102707999994891,0.6102706999990914,0.09999989999960235
2,221,17,1,"{'Hab': ['DenH', 'DenD', 'DenF', 'DenA', 'DenA', 'DenF', 'DenF', 'DenA', 'DenE', 'DenC', 'DenH', 'DenH', 'DenB', 'DenC', 'DenG', 'DenB', 'DenD', 'DenC', 'DenG', 'DenD', 'DenB', 'DenE', 'DenE', 'DenG'], 'ISI': ['yellowlightshort.mov'], 'AttenGet': ['AttenGet.mov'], 'Same': ['DenA', 'DenG', 'DenC', 'DenB', 'DenF', 'DenE', 'DenD', 'DenH'], 'Switch': ['RetA', 'RetG', 'RetC', 'RetB', 'RetF', 'RetE', 'RetD', 'RetH']}",1,1,6,Hab,0.6102687999991758,1.0102247999984684,0.39995599999929254
2,221,17,1,"{'Hab': ['DenH', 'DenD', 'DenF', 'DenA', 'DenA', 'DenF', 'DenF', 'DenA', 'DenE', 'DenC', 'DenH', 'DenH', 'DenB', 'DenC', 'DenG', 'DenB', 'DenD', 'DenC', 'DenG', 'DenD', 'DenB', 'DenE', 'DenE', 'DenG'], 'ISI': ['yellowlightshort.mov'], 'AttenGet': ['AttenGet.mov'], 'Same': ['DenA', 'DenG', 'DenC', 'DenB', 'DenF', 'DenE', 'DenD', 'DenH'], 'Switch': ['RetA', 'RetG', 'RetC', 'RetB', 'RetF', 'RetE', 'RetD', 'RetH']}",1,1,7,Hab,0,1.0106754999997065,1.0106754999997065
2,221,17,1,"{'Hab': ['DenH', 'DenD', 'DenF', 'DenA', 'DenA', 'DenF', 'DenF', 'DenA', 'DenE', 'DenC', 'DenH', 'DenH', 'DenB', 'DenC', 'DenG', 'DenB', 'DenD', 'DenC', 'DenG', 'DenD', 'DenB', 'DenE', 'DenE', 'DenG'], 'ISI': ['yellowlightshort.mov'], 'AttenGet': ['AttenGet.mov'], 'Same': ['DenA', 'DenG', 'DenC', 'DenB', 'DenF', 'DenE', 'DenD', 'DenH'], 'Switch': ['RetA', 'RetG', 'RetC', 'RetB', 'RetF', 'RetE', 'RetD', 'RetH']}",1,1,8,Hab,0,1.0104986999995162,1.0104986999995162
2,221,17,1,"{'Hab': ['DenH', 'DenD', 'DenF', 'DenA', 'DenA', 'DenF', 'DenF', 'DenA', 'DenE', 'DenC', 'DenH', 'DenH', 'DenB', 'DenC', 'DenG', 'DenB', 'DenD', 'DenC', 'DenG', 'DenD', 'DenB', 'DenE', 'DenE', 'DenG'], 'ISI': ['yellowlightshort.mov'], 'AttenGet': ['AttenGet.mov'], 'Same': ['DenA', 'DenG', 'DenC', 'DenB', 'DenF', 'DenE', 'DenD', 'DenH'], 'Switch': ['RetA', 'RetG', 'RetC', 'RetB', 'RetF', 'RetE', 'RetD', 'RetH']}",1,1,9,Hab,0,0.4602162999999564,0.4602162999999564
2,221,17,1,"{'Hab': ['DenH', 'DenD', 'DenF', 'DenA', 'DenA', 'DenF', 'DenF', 'DenA', 'DenE', 'DenC', 'DenH', 'DenH', 'DenB', 'DenC', 'DenG', 'DenB', 'DenD', 'DenC', 'DenG', 'DenD', 'DenB', 'DenE', 'DenE', 'DenG'], 'ISI': ['yellowlightshort.mov'], 'AttenGet': ['AttenGet.mov'], 'Same': ['DenA', 'DenG', 'DenC', 'DenB', 'DenF', 'DenE', 'DenD', 'DenH'], 'Switch': ['RetA', 'RetG', 'RetC', 'RetB', 'RetF', 'RetE', 'RetD', 'RetH']}",1,0,9,Hab,0.46021850000033737,0.6769464999997581,0.21672799999942072
2,221,17,1,"{'Hab': ['DenH', 'DenD', 'DenF', 'DenA', 'DenA', 'DenF', 'DenF', 'DenA', 'DenE', 'DenC', 'DenH', 'DenH', 'DenB', 'DenC', 'DenG', 'DenB', 'DenD', 'DenC', 'DenG', 'DenD', 'DenB', 'DenE', 'DenE', 'DenG'], 'ISI': ['yellowlightshort.mov'], 'AttenGet': ['AttenGet.mov'], 'Same': ['DenA', 'DenG', 'DenC', 'DenB', 'DenF', 'DenE', 'DenD', 'DenH'], 'Switch': ['RetA', 'RetG', 'RetC', 'RetB', 'RetF', 'RetE', 'RetD', 'RetH']}",1,1,9,Hab,0.676944499999081,1.0103153999989445,0.33337089999986347
2,221,17,1,"{'Hab': ['DenH', 'DenD', 'DenF', 'DenA', 'DenA', 'DenF', 'DenF', 'DenA', 'DenE', 'DenC', 'DenH', 'DenH', 'DenB', 'DenC', 'DenG', 'DenB', 'DenD', 'DenC', 'DenG', 'DenD', 'DenB', 'DenE', 'DenE', 'DenG'], 'ISI': ['yellowlightshort.mov'], 'AttenGet': ['AttenGet.mov'], 'Same': ['DenA', 'DenG', 'DenC', 'DenB', 'DenF', 'DenE', 'DenD', 'DenH'], 'Switch': ['RetA', 'RetG', 'RetC', 'RetB', 'RetF', 'RetE', 'RetD', 'RetH']}",1,1,10,Hab,0,0.6283399000003556,0.6283399000003556
2,221,17,1,"{'Hab': ['DenH', 'DenD', 'DenF', 'DenA', 'DenA', 'DenF', 'DenF', 'DenA', 'DenE', 'DenC', 'DenH', 'DenH', 'DenB', 'DenC', 'DenG', 'DenB', 'DenD', 'DenC', 'DenG', 'DenD', 'DenB', 'DenE', 'DenE', 'DenG'], 'ISI': ['yellowlightshort.mov'], 'AttenGet': ['AttenGet.mov'], 'Same': ['DenA', 'DenG', 'DenC', 'DenB', 'DenF', 'DenE', 'DenD', 'DenH'], 'Switch': ['RetA', 'RetG', 'RetC', 'RetB', 'RetF', 'RetE', 'RetD', 'RetH']}",1,0,10,Hab,0.6283419999999751,1.0116163000002416,0.3832743000002665
2,221,17,1,"{'Hab': ['DenH', 'DenD', 'DenF', 'DenA', 'DenA', 'DenF', 'DenF', 'DenA', 'DenE', 'DenC', 'DenH', 'DenH', 'DenB', 'DenC', 'DenG', 'DenB', 'DenD', 'DenC', 'DenG', 'DenD', 'DenB', 'DenE', 'DenE', 'DenG'], 'ISI': ['yellowlightshort.mov'], 'AttenGet': ['AttenGet.mov'], 'Same': ['DenA', 'DenG', 'DenC', 'DenB', 'DenF', 'DenE', 'DenD', 'DenH'], 'Switch': ['RetA', 'RetG', 'RetC', 'RetB', 'RetF', 'RetE', 'RetD', 'RetH']}",1,0,11,Hab,0,1.0115213000008225,1.0115213000008225
2,221,17,1,"{'Hab': ['DenH', 'DenD', 'DenF', 'DenA', 'DenA', 'DenF', 'DenF', 'DenA', 'DenE', 'DenC', 'DenH', 'DenH', 'DenB', 'DenC', 'DenG', 'DenB', 'DenD', 'DenC', 'DenG', 'DenD', 'DenB', 'DenE', 'DenE', 'DenG'], 'ISI': ['yellowlightshort.mov'], 'AttenGet': ['AttenGet.mov'], 'Same': ['DenA', 'DenG', 'DenC', 'DenB', 'DenF', 'DenE', 'DenD', 'DenH'], 'Switch': ['RetA', 'RetG', 'RetC', 'RetB', 'RetF', 'RetE', 'RetD', 'RetH']}",1,0,12,Hab,0,1.011271299999862,1.011271299999862
2,221,17,1,"{'Hab': ['DenH', 'DenD', 'DenF', 'DenA', 'DenA', 'DenF', 'DenF', 'DenA', 'DenE', 'DenC', 'DenH', 'DenH', 'DenB', 'DenC', 'DenG', 'DenB', 'DenD', 'DenC', 'DenG', 'DenD', 'DenB', 'DenE', 'DenE', 'DenG'], 'ISI': ['yellowlightshort.mov'], 'AttenGet': ['AttenGet.mov'], 'Same': ['DenA', 'DenG', 'DenC', 'DenB', 'DenF', 'DenE', 'DenD', 'DenH'], 'Switch': ['RetA', 'RetG', 'RetC', 'RetB', 'RetF', 'RetE', 'RetD', 'RetH']}",1,0,13,Hab,0,0.5948926999990363,0.5948926999990363
2,221,17,1,"{'Hab': ['DenH', 'DenD', 'DenF', 'DenA', 'DenA', 'DenF', 'DenF', 'DenA', 'DenE', 'DenC', 'DenH', 'DenH', 'DenB', 'DenC', 'DenG', 'DenB', 'DenD', 'DenC', 'DenG', 'DenD', 'DenB', 'DenE', 'DenE', 'DenG'], 'ISI': ['yellowlightshort.mov'], 'AttenGet': ['AttenGet.mov'], 'Same': ['DenA', 'DenG', 'DenC', 'DenB', 'DenF', 'DenE', 'DenD', 'DenH'], 'Switch': ['RetA', 'RetG', 'RetC', 'RetB', 'RetF', 'RetE', 'RetD', 'RetH']}",1,1,13,Hab,0.5948767999998381,0.6116722999995545,0.016795499999716412
2,221,17,1,"{'Hab': ['DenH', 'DenD', 'DenF', 'DenA', 'DenA', 'DenF', 'DenF', 'DenA', 'DenE', 'DenC', 'DenH', 'DenH', 'DenB', 'DenC', 'DenG', 'DenB', 'DenD', 'DenC', 'DenG', 'DenD', 'DenB', 'DenE', 'DenE', 'DenG'], 'ISI': ['yellowlightshort.mov'], 'AttenGet': ['AttenGet.mov'], 'Same': ['DenA', 'DenG', 'DenC', 'DenB', 'DenF', 'DenE', 'DenD', 'DenH'], 'Switch': ['RetA', 'RetG', 'RetC', 'RetB', 'RetF', 'RetE', 'RetD', 'RetH']}",1,0,13,Hab,0.6116741999994701,0.6281980999992811,0.016523899999810965
2,221,17,1,"{'Hab': ['DenH', 'DenD', 'DenF', 'DenA', 'DenA', 'DenF', 'DenF', 'DenA', 'DenE', 'DenC', 'DenH', 'DenH', 'DenB', 'DenC', 'DenG', 'DenB', 'DenD', 'DenC', 'DenG', 'DenD', 'DenB', 'DenE', 'DenE', 'DenG'], 'ISI': ['yellowlightshort.mov'], 'AttenGet': ['AttenGet.mov'], 'Same': ['DenA', 'DenG', 'DenC', 'DenB', 'DenF', 'DenE', 'DenD', 'DenH'], 'Switch': ['RetA', 'RetG', 'RetC', 'RetB', 'RetF', 'RetE', 'RetD', 'RetH']}",1,1,13,Hab,0.6281963000001269,1.0117393999989872,0.38354309999886027
2,221,17,1,"{'Hab': ['DenH', 'DenD', 'DenF', 'DenA', 'DenA', 'DenF', 'DenF', 'DenA', 'DenE', 'DenC', 'DenH', 'DenH', 'DenB', 'DenC', 'DenG', 'DenB', 'DenD', 'DenC', 'DenG', 'DenD', 'DenB', 'DenE', 'DenE', 'DenG'], 'ISI': ['yellowlightshort.mov'], 'AttenGet': ['AttenGet.mov'], 'Same': ['DenA', 'DenG', 'DenC', 'DenB', 'DenF', 'DenE', 'DenD', 'DenH'], 'Switch': ['RetA', 'RetG', 'RetC', 'RetB', 'RetF', 'RetE', 'RetD', 'RetH']}",1,1,14,ISI,0,0.44423939999978757,0.44423939999978757
2,221,17,1,"{'Hab': ['DenH', 'DenD', 'DenF', 'DenA', 'DenA', 'DenF', 'DenF', 'DenA', 'DenE', 'DenC', 'DenH', 'DenH', 'DenB', 'DenC', 'DenG', 'DenB', 'DenD', 'DenC', 'DenG', 'DenD', 'DenB', 'DenE', 'DenE', 'DenG'], 'ISI': ['yellowlightshort.mov'], 'AttenGet': ['AttenGet.mov'], 'Same': ['DenA', 'DenG', 'DenC', 'DenB', 'DenF', 'DenE', 'DenD', 'DenH'], 'Switch': ['RetA', 'RetG', 'RetC', 'RetB', 'RetF', 'RetE', 'RetD', 'RetH']}",1,0,14,ISI,0.4442415000012261,0.6444504000010056,0.20020889999977953
2,221,17,1,"{'Hab': ['DenH', 'DenD', 'DenF', 'DenA', 'DenA', 'DenF', 'DenF', 'DenA', 'DenE', 'DenC', 'DenH', 'DenH', 'DenB', 'DenC', 'DenG', 'DenB', 'DenD', 'DenC', 'DenG', 'DenD', 'DenB', 'DenE', 'DenE', 'DenG'], 'ISI': ['yellowlightshort.mov'], 'AttenGet': ['AttenGet.mov'], 'Same': ['DenA', 'DenG', 'DenC', 'DenB', 'DenF', 'DenE', 'DenD', 'DenH'], 'Switch': ['RetA', 'RetG', 'RetC', 'RetB', 'RetF', 'RetE', 'RetD', 'RetH']}",1,1,14,ISI,0.6444484000003285,2.0111537000011595,1.366705300000831
2,221,17,1,"{'Hab': ['DenH', 'DenD', 'DenF', 'DenA', 'DenA', 'DenF', 'DenF', 'DenA', 'DenE', 'DenC', 'DenH', 'DenH', 'DenB', 'DenC', 'DenG', 'DenB', 'DenD', 'DenC', 'DenG', 'DenD', 'DenB', 'DenE', 'DenE', 'DenG'], 'ISI': ['yellowlightshort.mov'], 'AttenGet': ['AttenGet.mov'], 'Same': ['DenA', 'DenG', 'DenC', 'DenB', 'DenF', 'DenE', 'DenD', 'DenH'], 'Switch': ['RetA', 'RetG', 'RetC', 'RetB', 'RetF', 'RetE', 'RetD', 'RetH']}",1,1,15,Same,0,0.677376199999344,0.677376199999344
2,221,17,1,"{'Hab': ['DenH', 'DenD', 'DenF', 'DenA', 'DenA', 'DenF', 'DenF', 'DenA', 'DenE', 'DenC', 'DenH', 'DenH', 'DenB', 'DenC', 'DenG', 'DenB', 'DenD', 'DenC', 'DenG', 'DenD', 'DenB', 'DenE', 'DenE', 'DenG'], 'ISI': ['yellowlightshort.mov'], 'AttenGet': ['AttenGet.mov'], 'Same': ['DenA', 'DenG', 'DenC', 'DenB', 'DenF', 'DenE', 'DenD', 'DenH'], 'Switch': ['RetA', 'RetG', 'RetC', 'RetB', 'RetF', 'RetE', 'RetD', 'RetH']}",1,0,15,Same,0.6773783999997249,1.0107222999995429,0.33334389999981795
2,221,17,1,"{'Hab': ['DenH', 'DenD', 'DenF', 'DenA', 'DenA', 'DenF', 'DenF', 'DenA', 'DenE', 'DenC', 'DenH', 'DenH', 'DenB', 'DenC', 'DenG', 'DenB', 'DenD', 'DenC', 'DenG', 'DenD', 'DenB', 'DenE', 'DenE', 'DenG'], 'ISI': ['yellowlightshort.mov'], 'AttenGet': ['AttenGet.mov'], 'Same': ['DenA', 'DenG', 'DenC', 'DenB', 'DenF', 'DenE', 'DenD', 'DenH'], 'Switch': ['RetA', 'RetG', 'RetC', 'RetB', 'RetF', 'RetE', 'RetD', 'RetH']}",1,0,16,Same,0,0.611330600000656,0.611330600000656
2,221,17,1,"{'Hab': ['DenH', 'DenD', 'DenF', 'DenA', 'DenA', 'DenF', 'DenF', 'DenA', 'DenE', 'DenC', 'DenH', 'DenH', 'DenB', 'DenC', 'DenG', 'DenB', 'DenD', 'DenC', 'DenG', 'DenD', 'DenB', 'DenE', 'DenE', 'DenG'], 'ISI': ['yellowlightshort.mov'], 'AttenGet': ['AttenGet.mov'], 'Same': ['DenA', 'DenG', 'DenC', 'DenB', 'DenF', 'DenE', 'DenD', 'DenH'], 'Switch': ['RetA', 'RetG', 'RetC', 'RetB', 'RetF', 'RetE', 'RetD', 'RetH']}",1,1,16,Same,0.6113285999999789,0.6447184000007837,0.033389800000804826
2,221,17,1,"{'Hab': ['DenH', 'DenD', 'DenF', 'DenA', 'DenA', 'DenF', 'DenF', 'DenA', 'DenE', 'DenC', 'DenH', 'DenH', 'DenB', 'DenC', 'DenG', 'DenB', 'DenD', 'DenC', 'DenG', 'DenD', 'DenB', 'DenE', 'DenE', 'DenG'], 'ISI': ['yellowlightshort.mov'], 'AttenGet': ['AttenGet.mov'], 'Same': ['DenA', 'DenG', 'DenC', 'DenB', 'DenF', 'DenE', 'DenD', 'DenH'], 'Switch': ['RetA', 'RetG', 'RetC', 'RetB', 'RetF', 'RetE', 'RetD', 'RetH']}",1,0,16,Same,0.6447204000014608,0.6613495000001421,0.01662909999868134
2,221,17,1,"{'Hab': ['DenH', 'DenD', 'DenF', 'DenA', 'DenA', 'DenF', 'DenF', 'DenA', 'DenE', 'DenC', 'DenH', 'DenH', 'DenB', 'DenC', 'DenG', 'DenB', 'DenD', 'DenC', 'DenG', 'DenD', 'DenB', 'DenE', 'DenE', 'DenG'], 'ISI': ['yellowlightshort.mov'], 'AttenGet': ['AttenGet.mov'], 'Same': ['DenA', 'DenG', 'DenC', 'DenB', 'DenF', 'DenE', 'DenD', 'DenH'], 'Switch': ['RetA', 'RetG', 'RetC', 'RetB', 'RetF', 'RetE', 'RetD', 'RetH']}",1,1,16,Same,0.6613476000002265,0.6780264000008174,0.016678800000590854
2,221,17,1,"{'Hab': ['DenH', 'DenD', 'DenF', 'DenA', 'DenA', 'DenF', 'DenF', 'DenA', 'DenE', 'DenC', 'DenH', 'DenH', 'DenB', 'DenC', 'DenG', 'DenB', 'DenD', 'DenC', 'DenG', 'DenD', 'DenB', 'DenE', 'DenE', 'DenG'], 'ISI': ['yellowlightshort.mov'], 'AttenGet': ['AttenGet.mov'], 'Same': ['DenA', 'DenG', 'DenC', 'DenB', 'DenF', 'DenE', 'DenD', 'DenH'], 'Switch': ['RetA', 'RetG', 'RetC', 'RetB', 'RetF', 'RetE', 'RetD', 'RetH']}",1,0,16,Same,0.6780283999996755,0.811386900000798,0.1333585000011226
2,221,17,1,"{'Hab': ['DenH', 'DenD', 'DenF', 'DenA', 'DenA', 'DenF', 'DenF', 'DenA', 'DenE', 'DenC', 'DenH', 'DenH', 'DenB', 'DenC', 'DenG', 'DenB', 'DenD', 'DenC', 'DenG', 'DenD', 'DenB', 'DenE', 'DenE', 'DenG'], 'ISI': ['yellowlightshort.mov'], 'AttenGet': ['AttenGet.mov'], 'Same': ['DenA', 'DenG', 'DenC', 'DenB', 'DenF', 'DenE', 'DenD', 'DenH'], 'Switch': ['RetA', 'RetG', 'RetC', 'RetB', 'RetF', 'RetE', 'RetD', 'RetH']}",1,1,16,Same,0.811384900000121,0.9280046000003495,0.11661970000022848
2,221,17,1,"{'Hab': ['DenH', 'DenD', 'DenF', 'DenA', 'DenA', 'DenF', 'DenF', 'DenA', 'DenE', 'DenC', 'DenH', 'DenH', 'DenB', 'DenC', 'DenG', 'DenB', 'DenD', 'DenC', 'DenG', 'DenD', 'DenB', 'DenE', 'DenE', 'DenG'], 'ISI': ['yellowlightshort.mov'], 'AttenGet': ['AttenGet.mov'], 'Same': ['DenA', 'DenG', 'DenC', 'DenB', 'DenF', 'DenE', 'DenD', 'DenH'], 'Switch': ['RetA', 'RetG', 'RetC', 'RetB', 'RetF', 'RetE', 'RetD', 'RetH']}",1,0,16,Same,0.9280066000010265,1.0113188000013906,0.0833122000003641
2,221,17,1,"{'Hab': ['DenH', 'DenD', 'DenF', 'DenA', 'DenA', 'DenF', 'DenF', 'DenA', 'DenE', 'DenC', 'DenH', 'DenH', 'DenB', 'DenC', 'DenG', 'DenB', 'DenD', 'DenC', 'DenG', 'DenD', 'DenB', 'DenE', 'DenE', 'DenG'], 'ISI': ['yellowlightshort.mov'], 'AttenGet': ['AttenGet.mov'], 'Same': ['DenA', 'DenG', 'DenC', 'DenB', 'DenF', 'DenE', 'DenD', 'DenH'], 'Switch': ['RetA', 'RetG', 'RetC', 'RetB', 'RetF', 'RetE', 'RetD', 'RetH']}",1,0,17,Same,0,0.028311500000199885,0.028311500000199885
2,221,17,1,"{'Hab': ['DenH', 'DenD', 'DenF', 'DenA', 'DenA', 'DenF', 'DenF', 'DenA', 'DenE', 'DenC', 'DenH', 'DenH', 'DenB', 'DenC', 'DenG', 'DenB', 'DenD', 'DenC', 'DenG', 'DenD', 'DenB', 'DenE', 'DenE', 'DenG'], 'ISI': ['yellowlightshort.mov'], 'AttenGet': ['AttenGet.mov'], 'Same': ['DenA', 'DenG', 'DenC', 'DenB', 'DenF', 'DenE', 'DenD', 'DenH'], 'Switch': ['RetA', 'RetG', 'RetC', 'RetB', 'RetF', 'RetE', 'RetD', 'RetH']}",1,1,17,Same,0.028309600000284263,1.0118012000002636,0.9834915999999794
2,221,17,1,"{'Hab': ['DenH', 'DenD', 'DenF', 'DenA', 'DenA', 'DenF', 'DenF', 'DenA', 'DenE', 'DenC', 'DenH', 'DenH', 'DenB', 'DenC', 'DenG', 'DenB', 'DenD', 'DenC', 'DenG', 'DenD', 'DenB', 'DenE', 'DenE', 'DenG'], 'ISI': ['yellowlightshort.mov'], 'AttenGet': ['AttenGet.mov'], 'Same': ['DenA', 'DenG', 'DenC', 'DenB', 'DenF', 'DenE', 'DenD', 'DenH'], 'Switch': ['RetA', 'RetG', 'RetC', 'RetB', 'RetF', 'RetE', 'RetD', 'RetH']}",1,1,18,Same,0,0.3114640000003419,0.3114640000003419
2,221,17,1,"{'Hab': ['DenH', 'DenD', 'DenF', 'DenA', 'DenA', 'DenF', 'DenF', 'DenA', 'DenE', 'DenC', 'DenH', 'DenH', 'DenB', 'DenC', 'DenG', 'DenB', 'DenD', 'DenC', 'DenG', 'DenD', 'DenB', 'DenE', 'DenE', 'DenG'], 'ISI': ['yellowlightshort.mov'], 'AttenGet': ['AttenGet.mov'], 'Same': ['DenA', 'DenG', 'DenC', 'DenB', 'DenF', 'DenE', 'DenD', 'DenH'], 'Switch': ['RetA', 'RetG', 'RetC', 'RetB', 'RetF', 'RetE', 'RetD', 'RetH']}",1,0,18,Same,0.31146609999996144,0.5615353000011964,0.250069200001235
2,221,17,1,"{'Hab': ['DenH', 'DenD', 'DenF', 'DenA', 'DenA', 'DenF', 'DenF', 'DenA', 'DenE', 'DenC', 'DenH', 'DenH', 'DenB', 'DenC', 'DenG', 'DenB', 'DenD', 'DenC', 'DenG', 'DenD', 'DenB', 'DenE', 'DenE', 'DenG'], 'ISI': ['yellowlightshort.mov'], 'AttenGet': ['AttenGet.mov'], 'Same': ['DenA', 'DenG', 'DenC', 'DenB', 'DenF', 'DenE', 'DenD', 'DenH'], 'Switch': ['RetA', 'RetG', 'RetC', 'RetB', 'RetF', 'RetE', 'RetD', 'RetH']}",1,1,18,Same,0.5615334000012808,0.578248200001326,0.016714800000045216
2,221,17,1,"{'Hab': ['DenH', 'DenD', 'DenF', 'DenA', 'DenA', 'DenF', 'DenF', 'DenA', 'DenE', 'DenC', 'DenH', 'DenH', 'DenB', 'DenC', 'DenG', 'DenB', 'DenD', 'DenC', 'DenG', 'DenD', 'DenB', 'DenE', 'DenE', 'DenG'], 'ISI': ['yellowlightshort.mov'], 'AttenGet': ['AttenGet.mov'], 'Same': ['DenA', 'DenG', 'DenC', 'DenB', 'DenF', 'DenE', 'DenD', 'DenH'], 'Switch': ['RetA', 'RetG', 'RetC', 'RetB', 'RetF', 'RetE', 'RetD', 'RetH']}",1,0,18,Same,0.5782501000012417,0.6281630000012228,0.049912899999981164
2,221,17,1,"{'Hab': ['DenH', 'DenD', 'DenF', 'DenA', 'DenA', 'DenF', 'DenF', 'DenA', 'DenE', 'DenC', 'DenH', 'DenH', 'DenB', 'DenC', 'DenG', 'DenB', 'DenD', 'DenC', 'DenG', 'DenD', 'DenB', 'DenE', 'DenE', 'DenG'], 'ISI': ['yellowlightshort.mov'], 'AttenGet': ['AttenGet.mov'], 'Same': ['DenA', 'DenG', 'DenC', 'DenB', 'DenF', 'DenE', 'DenD', 'DenH'], 'Switch': ['RetA', 'RetG', 'RetC', 'RetB', 'RetF', 'RetE', 'RetD', 'RetH']}",1,1,18,Same,0.6281610000005458,0.6448427000013908,0.016681700000845012
2,221,17,1,"{'Hab': ['DenH', 'DenD', 'DenF', 'DenA', 'DenA', 'DenF', 'DenF', 'DenA', 'DenE', 'DenC', 'DenH', 'DenH', 'DenB', 'DenC', 'DenG', 'DenB', 'DenD', 'DenC', 'DenG', 'DenD', 'DenB', 'DenE', 'DenE', 'DenG'], 'ISI': ['yellowlightshort.mov'], 'AttenGet': ['AttenGet.mov'], 'Same': ['DenA', 'DenG', 'DenC', 'DenB', 'DenF', 'DenE', 'DenD', 'DenH'], 'Switch': ['RetA', 'RetG', 'RetC', 'RetB', 'RetF', 'RetE', 'RetD', 'RetH']}",1,0,18,Same,0.6448448000010103,0.6950200000010227,0.05017520000001241
2,221,17,1,"{'Hab': ['DenH', 'DenD', 'DenF', 'DenA', 'DenA', 'DenF', 'DenF', 'DenA', 'DenE', 'DenC', 'DenH', 'DenH', 'DenB', 'DenC', 'DenG', 'DenB', 'DenD', 'DenC', 'DenG', 'DenD', 'DenB', 'DenE', 'DenE', 'DenG'], 'ISI': ['yellowlightshort.mov'], 'AttenGet': ['AttenGet.mov'], 'Same': ['DenA', 'DenG', 'DenC', 'DenB', 'DenF', 'DenE', 'DenD', 'DenH'], 'Switch': ['RetA', 'RetG', 'RetC', 'RetB', 'RetF', 'RetE', 'RetD', 'RetH']}",1,1,18,Same,0.6950180000003456,0.7279697000012675,0.032951700000921846
2,221,17,1,"{'Hab': ['DenH', 'DenD', 'DenF', 'DenA', 'DenA', 'DenF', 'DenF', 'DenA', 'DenE', 'DenC', 'DenH', 'DenH', 'DenB', 'DenC', 'DenG', 'DenB', 'DenD', 'DenC', 'DenG', 'DenD', 'DenB', 'DenE', 'DenE', 'DenG'], 'ISI': ['yellowlightshort.mov'], 'AttenGet': ['AttenGet.mov'], 'Same': ['DenA', 'DenG', 'DenC', 'DenB', 'DenF', 'DenE', 'DenD', 'DenH'], 'Switch': ['RetA', 'RetG', 'RetC', 'RetB', 'RetF', 'RetE', 'RetD', 'RetH']}",1,0,18,Same,0.727971800000887,0.9783210000005056,0.2503491999996186
2,221,17,1,"{'Hab': ['DenH', 'DenD', 'DenF', 'DenA', 'DenA', 'DenF', 'DenF', 'DenA', 'DenE', 'DenC', 'DenH', 'DenH', 'DenB', 'DenC', 'DenG', 'DenB', 'DenD', 'DenC', 'DenG', 'DenD', 'DenB', 'DenE', 'DenE', 'DenG'], 'ISI': ['yellowlightshort.mov'], 'AttenGet': ['AttenGet.mov'], 'Same': ['DenA', 'DenG', 'DenC', 'DenB', 'DenF', 'DenE', 'DenD', 'DenH'], 'Switch': ['RetA', 'RetG', 'RetC', 'RetB', 'RetF', 'RetE', 'RetD', 'RetH']}",1,1,18,Same,0.9783189000008861,1.0116099000006216,0.033290999999735504
2,221,17,1,"{'Hab': ['DenH', 'DenD', 'DenF', 'DenA', 'DenA', 'DenF', 'DenF', 'DenA', 'DenE', 'DenC', 'DenH', 'DenH', 'DenB', 'DenC', 'DenG', 'DenB', 'DenD', 'DenC', 'DenG', 'DenD', 'DenB', 'DenE', 'DenE', 'DenG'], 'ISI': ['yellowlightshort.mov'], 'AttenGet': ['AttenGet.mov'], 'Same': ['DenA', 'DenG', 'DenC', 'DenB', 'DenF', 'DenE', 'DenD', 'DenH'], 'Switch': ['RetA', 'RetG', 'RetC', 'RetB', 'RetF', 'RetE', 'RetD', 'RetH']}",1,1,19,Same,0,0.49455529999977443,0.49455529999977443
2,221,17,1,"{'Hab': ['DenH', 'DenD', 'DenF', 'DenA', 'DenA', 'DenF', 'DenF', 'DenA', 'DenE', 'DenC', 'DenH', 'DenH', 'DenB', 'DenC', 'DenG', 'DenB', 'DenD', 'DenC', 'DenG', 'DenD', 'DenB', 'DenE', 'DenE', 'DenG'], 'ISI': ['yellowlightshort.mov'], 'AttenGet': ['AttenGet.mov'], 'Same': ['DenA', 'DenG', 'DenC', 'DenB', 'DenF', 'DenE', 'DenD', 'DenH'], 'Switch': ['RetA', 'RetG', 'RetC', 'RetB', 'RetF', 'RetE', 'RetD', 'RetH']}",1,0,19,Same,0.4945577999988018,0.62787919999937,0.13332140000056825
2,221,17,1,"{'Hab': ['DenH', 'DenD', 'DenF', 'DenA', 'DenA', 'DenF', 'DenF', 'DenA', 'DenE', 'DenC', 'DenH', 'DenH', 'DenB', 'DenC', 'DenG', 'DenB', 'DenD', 'DenC', 'DenG', 'DenD', 'DenB', 'DenE', 'DenE', 'DenG'], 'ISI': ['yellowlightshort.mov'], 'AttenGet': ['AttenGet.mov'], 'Same': ['DenA', 'DenG', 'DenC', 'DenB', 'DenF', 'DenE', 'DenD', 'DenH'], 'Switch': ['RetA', 'RetG', 'RetC', 'RetB', 'RetF', 'RetE', 'RetD', 'RetH']}",1,1,19,Same,0.6278772999994544,1.011342699999659,0.3834654000002047
2,221,17,1,"{'Hab': ['DenH', 'DenD', 'DenF', 'DenA', 'DenA', 'DenF', 'DenF', 'DenA', 'DenE', 'DenC', 'DenH', 'DenH', 'DenB', 'DenC', 'DenG', 'DenB', 'DenD', 'DenC', 'DenG', 'DenD', 'DenB', 'DenE', 'DenE', 'DenG'], 'ISI': ['yellowlightshort.mov'], 'AttenGet': ['AttenGet.mov'], 'Same': ['DenA', 'DenG', 'DenC', 'DenB', 'DenF', 'DenE', 'DenD', 'DenH'], 'Switch': ['RetA', 'RetG', 'RetC', 'RetB', 'RetF', 'RetE', 'RetD', 'RetH']}",1,1,20,Same,0,1.011456600001111,1.011456600001111
2,221,17,1,"{'Hab': ['DenH', 'DenD', 'DenF', 'DenA', 'DenA', 'DenF', 'DenF', 'DenA', 'DenE', 'DenC', 'DenH', 'DenH', 'DenB', 'DenC', 'DenG', 'DenB', 'DenD', 'DenC', 'DenG', 'DenD', 'DenB', 'DenE', 'DenE', 'DenG'], 'ISI': ['yellowlightshort.mov'], 'AttenGet': ['AttenGet.mov'], 'Same': ['DenA', 'DenG', 'DenC', 'DenB', 'DenF', 'DenE', 'DenD', 'DenH'], 'Switch': ['RetA', 'RetG', 'RetC', 'RetB', 'RetF', 'RetE', 'RetD', 'RetH']}",1,1,21,Same,0,0.4615537999998196,0.4615537999998196
2,221,17,1,"{'Hab': ['DenH', 'DenD', 'DenF', 'DenA', 'DenA', 'DenF', 'DenF', 'DenA', 'DenE', 'DenC', 'DenH', 'DenH', 'DenB', 'DenC', 'DenG', 'DenB', 'DenD', 'DenC', 'DenG', 'DenD', 'DenB', 'DenE', 'DenE', 'DenG'], 'ISI': ['yellowlightshort.mov'], 'AttenGet': ['AttenGet.mov'], 'Same': ['DenA', 'DenG', 'DenC', 'DenB', 'DenF', 'DenE', 'DenD', 'DenH'], 'Switch': ['RetA', 'RetG', 'RetC', 'RetB', 'RetF', 'RetE', 'RetD', 'RetH']}",1,0,21,Same,0.46155589999943913,0.5948776999994152,0.13332179999997607
2,221,17,1,"{'Hab': ['DenH', 'DenD', 'DenF', 'DenA', 'DenA', 'DenF', 'DenF', 'DenA', 'DenE', 'DenC', 'DenH', 'DenH', 'DenB', 'DenC', 'DenG', 'DenB', 'DenD', 'DenC', 'DenG', 'DenD', 'DenB', 'DenE', 'DenE', 'DenG'], 'ISI': ['yellowlightshort.mov'], 'AttenGet': ['AttenGet.mov'], 'Same': ['DenA', 'DenG', 'DenC', 'DenB', 'DenF', 'DenE', 'DenD', 'DenH'], 'Switch': ['RetA', 'RetG', 'RetC', 'RetB', 'RetF', 'RetE', 'RetD', 'RetH']}",1,1,21,Same,0.5948757000005571,1.0115678000001935,0.4166920999996364
2,221,17,1,"{'Hab': ['DenH', 'DenD', 'DenF', 'DenA', 'DenA', 'DenF', 'DenF', 'DenA', 'DenE', 'DenC', 'DenH', 'DenH', 'DenB', 'DenC', 'DenG', 'DenB', 'DenD', 'DenC', 'DenG', 'DenD', 'DenB', 'DenE', 'DenE', 'DenG'], 'ISI': ['yellowlightshort.mov'], 'AttenGet': ['AttenGet.mov'], 'Same': ['DenA', 'DenG', 'DenC', 'DenB', 'DenF', 'DenE', 'DenD', 'DenH'], 'Switch': ['RetA', 'RetG', 'RetC', 'RetB', 'RetF', 'RetE', 'RetD', 'RetH']}",1,1,22,Same,0,1.0116720000005444,1.0116720000005444
2,221,17,1,"{'Hab': ['DenH', 'DenD', 'DenF', 'DenA', 'DenA', 'DenF', 'DenF', 'DenA', 'DenE', 'DenC', 'DenH', 'DenH', 'DenB', 'DenC', 'DenG', 'DenB', 'DenD', 'DenC', 'DenG', 'DenD', 'DenB', 'DenE', 'DenE', 'DenG'], 'ISI': ['yellowlightshort.mov'], 'AttenGet': ['AttenGet.mov'], 'Same': ['DenA', 'DenG', 'DenC', 'DenB', 'DenF', 'DenE', 'DenD', 'DenH'], 'Switch': ['RetA', 'RetG', 'RetC', 'RetB', 'RetF', 'RetE', 'RetD', 'RetH']}",1,1,23,ISI,0,0.061521100000391016,0.061521100000391016
2,221,17,1,"{'Hab': ['DenH', 'DenD', 'DenF', 'DenA', 'DenA', 'DenF', 'DenF', 'DenA', 'DenE', 'DenC', 'DenH', 'DenH', 'DenB', 'DenC', 'DenG', 'DenB', 'DenD', 'DenC', 'DenG', 'DenD', 'DenB', 'DenE', 'DenE', 'DenG'], 'ISI': ['yellowlightshort.mov'], 'AttenGet': ['AttenGet.mov'], 'Same': ['DenA', 'DenG', 'DenC', 'DenB', 'DenF', 'DenE', 'DenD', 'DenH'], 'Switch': ['RetA', 'RetG', 'RetC', 'RetB', 'RetF', 'RetE', 'RetD', 'RetH']}",1,0,23,ISI,0.06152320000001055,0.2616379999999481,0.20011479999993753
2,221,17,1,"{'Hab': ['DenH', 'DenD', 'DenF', 'DenA', 'DenA', 'DenF', 'DenF', 'DenA', 'DenE', 'DenC', 'DenH', 'DenH', 'DenB', 'DenC', 'DenG', 'DenB', 'DenD', 'DenC', 'DenG', 'DenD', 'DenB', 'DenE', 'DenE', 'DenG'], 'ISI': ['yellowlightshort.mov'], 'AttenGet': ['AttenGet.mov'], 'Same': ['DenA', 'DenG', 'DenC', 'DenB', 'DenF', 'DenE', 'DenD', 'DenH'], 'Switch': ['RetA', 'RetG', 'RetC', 'RetB', 'RetF', 'RetE', 'RetD', 'RetH']}",1,1,23,ISI,0.26163600000109,0.2782327000004443,0.016596699999354314
2,221,17,1,"{'Hab': ['DenH', 'DenD', 'DenF', 'DenA', 'DenA', 'DenF', 'DenF', 'DenA', 'DenE', 'DenC', 'DenH', 'DenH', 'DenB', 'DenC', 'DenG', 'DenB', 'DenD', 'DenC', 'DenG', 'DenD', 'DenB', 'DenE', 'DenE', 'DenG'], 'ISI': ['yellowlightshort.mov'], 'AttenGet': ['AttenGet.mov'], 'Same': ['DenA', 'DenG', 'DenC', 'DenB', 'DenF', 'DenE', 'DenD', 'DenH'], 'Switch': ['RetA', 'RetG', 'RetC', 'RetB', 'RetF', 'RetE', 'RetD', 'RetH']}",1,0,23,ISI,0.27823480000006384,0.29497559999981604,0.0167407999997522
2,221,17,1,"{'Hab': ['DenH', 'DenD', 'DenF', 'DenA', 'DenA', 'DenF', 'DenF', 'DenA', 'DenE', 'DenC', 'DenH', 'DenH', 'DenB', 'DenC', 'DenG', 'DenB', 'DenD', 'DenC', 'DenG', 'DenD', 'DenB', 'DenE', 'DenE', 'DenG'], 'ISI': ['yellowlightshort.mov'], 'AttenGet': ['AttenGet.mov'], 'Same': ['DenA', 'DenG', 'DenC', 'DenB', 'DenF', 'DenE', 'DenD', 'DenH'], 'Switch': ['RetA', 'RetG', 'RetC', 'RetB', 'RetF', 'RetE', 'RetD', 'RetH']}",1,1,23,ISI,0.2949735000001965,0.3282392000000982,0.0332656999999017
2,221,17,1,"{'Hab': ['DenH', 'DenD', 'DenF', 'DenA', 'DenA', 'DenF', 'DenF', 'DenA', 'DenE', 'DenC', 'DenH', 'DenH', 'DenB', 'DenC', 'DenG', 'DenB', 'DenD', 'DenC', 'DenG', 'DenD', 'DenB', 'DenE', 'DenE', 'DenG'], 'ISI': ['yellowlightshort.mov'], 'AttenGet': ['AttenGet.mov'], 'Same': ['DenA', 'DenG', 'DenC', 'DenB', 'DenF', 'DenE', 'DenD', 'DenH'], 'Switch': ['RetA', 'RetG', 'RetC', 'RetB', 'RetF', 'RetE', 'RetD', 'RetH']}",1,0,23,ISI,0.3282412000007753,0.3449749999999767,0.016733799999201437
2,221,17,1,"{'Hab': ['DenH', 'DenD', 'DenF', 'DenA', 'DenA', 'DenF', 'DenF', 'DenA', 'DenE', 'DenC', 'DenH', 'DenH', 'DenB', 'DenC', 'DenG', 'DenB', 'DenD', 'DenC', 'DenG', 'DenD', 'DenB', 'DenE', 'DenE', 'DenG'], 'ISI': ['yellowlightshort.mov'], 'AttenGet': ['AttenGet.mov'], 'Same': ['DenA', 'DenG', 'DenC', 'DenB', 'DenF', 'DenE', 'DenD', 'DenH'], 'Switch': ['RetA', 'RetG', 'RetC', 'RetB', 'RetF', 'RetE', 'RetD', 'RetH']}",1,1,23,ISI,0.34497300000111863,2.0116075000005367,1.666634499999418
2,221,17,1,"{'Hab': ['DenH', 'DenD', 'DenF', 'DenA', 'DenA', 'DenF', 'DenF', 'DenA', 'DenE', 'DenC', 'DenH', 'DenH', 'DenB', 'DenC', 'DenG', 'DenB', 'DenD', 'DenC', 'DenG', 'DenD', 'DenB', 'DenE', 'DenE', 'DenG'], 'ISI': ['yellowlightshort.mov'], 'AttenGet': ['AttenGet.mov'], 'Same': ['DenA', 'DenG', 'DenC', 'DenB', 'DenF', 'DenE', 'DenD', 'DenH'], 'Switch': ['RetA', 'RetG', 'RetC', 'RetB', 'RetF', 'RetE', 'RetD', 'RetH']}",1,1,24,Switch,0,0.544881699999678,0.544881699999678
2,221,17,1,"{'Hab': ['DenH', 'DenD', 'DenF', 'DenA', 'DenA', 'DenF', 'DenF', 'DenA', 'DenE', 'DenC', 'DenH', 'DenH', 'DenB', 'DenC', 'DenG', 'DenB', 'DenD', 'DenC', 'DenG', 'DenD', 'DenB', 'DenE', 'DenE', 'DenG'], 'ISI': ['yellowlightshort.mov'], 'AttenGet': ['AttenGet.mov'], 'Same': ['DenA', 'DenG', 'DenC', 'DenB', 'DenF', 'DenE', 'DenD', 'DenH'], 'Switch': ['RetA', 'RetG', 'RetC', 'RetB', 'RetF', 'RetE', 'RetD', 'RetH']}",1,0,24,Switch,0.5448839000000589,0.678306199999497,0.1334222999994381
2,221,17,1,"{'Hab': ['DenH', 'DenD', 'DenF', 'DenA', 'DenA', 'DenF', 'DenF', 'DenA', 'DenE', 'DenC', 'DenH', 'DenH', 'DenB', 'DenC', 'DenG', 'DenB', 'DenD', 'DenC', 'DenG', 'DenD', 'DenB', 'DenE', 'DenE', 'DenG'], 'ISI': ['yellowlightshort.mov'], 'AttenGet': ['AttenGet.mov'], 'Same': ['DenA', 'DenG', 'DenC', 'DenB', 'DenF', 'DenE', 'DenD', 'DenH'], 'Switch': ['RetA', 'RetG', 'RetC', 'RetB', 'RetF', 'RetE', 'RetD', 'RetH']}",1,1,24,Switch,0.678304200000639,1.0115141000005679,0.3332098999999289
2,221,17,1,"{'Hab': ['DenH', 'DenD', 'DenF', 'DenA', 'DenA', 'DenF', 'DenF', 'DenA', 'DenE', 'DenC', 'DenH', 'DenH', 'DenB', 'DenC', 'DenG', 'DenB', 'DenD', 'DenC', 'DenG', 'DenD', 'DenB', 'DenE', 'DenE', 'DenG'], 'ISI': ['yellowlightshort.mov'], 'AttenGet': ['AttenGet.mov'], 'Same': ['DenA', 'DenG', 'DenC', 'DenB', 'DenF', 'DenE', 'DenD', 'DenH'], 'Switch': ['RetA', 'RetG', 'RetC', 'RetB', 'RetF', 'RetE', 'RetD', 'RetH']}",1,1,25,Switch,0,0.9281558000002406,0.9281558000002406
2,221,17,1,"{'Hab': ['DenH', 'DenD', 'DenF', 'DenA', 'DenA', 'DenF', 'DenF', 'DenA', 'DenE', 'DenC', 'DenH', 'DenH', 'DenB', 'DenC', 'DenG', 'DenB', 'DenD', 'DenC', 'DenG', 'DenD', 'DenB', 'DenE', 'DenE', 'DenG'], 'ISI': ['yellowlightshort.mov'], 'AttenGet': ['AttenGet.mov'], 'Same': ['DenA', 'DenG', 'DenC', 'DenB', 'DenF', 'DenE', 'DenD', 'DenH'], 'Switch': ['RetA', 'RetG', 'RetC', 'RetB', 'RetF', 'RetE', 'RetD', 'RetH']}",1,0,25,Switch,0.9281578999998601,1.0114174999998795,0.08325960000001942
2,221,17,1,"{'Hab': ['DenH', 'DenD', 'DenF', 'DenA', 'DenA', 'DenF', 'DenF', 'DenA', 'DenE', 'DenC', 'DenH', 'DenH', 'DenB', 'DenC', 'DenG', 'DenB', 'DenD', 'DenC', 'DenG', 'DenD', 'DenB', 'DenE', 'DenE', 'DenG'], 'ISI': ['yellowlightshort.mov'], 'AttenGet': ['AttenGet.mov'], 'Same': ['DenA', 'DenG', 'DenC', 'DenB', 'DenF', 'DenE', 'DenD', 'DenH'], 'Switch': ['RetA', 'RetG', 'RetC', 'RetB', 'RetF', 'RetE', 'RetD', 'RetH']}",1,0,26,Switch,0,0.028329099999609753,0.028329099999609753
2,221,17,1,"{'Hab': ['DenH', 'DenD', 'DenF', 'DenA', 'DenA', 'DenF', 'DenF', 'DenA', 'DenE', 'DenC', 'DenH', 'DenH', 'DenB', 'DenC', 'DenG', 'DenB', 'DenD', 'DenC', 'DenG', 'DenD', 'DenB', 'DenE', 'DenE', 'DenG'], 'ISI': ['yellowlightshort.mov'], 'AttenGet': ['AttenGet.mov'], 'Same': ['DenA', 'DenG', 'DenC', 'DenB', 'DenF', 'DenE', 'DenD', 'DenH'], 'Switch': ['RetA', 'RetG', 'RetC', 'RetB', 'RetF', 'RetE', 'RetD', 'RetH']}",1,1,26,Switch,0.02832719999969413,1.0116194999991421,0.983292299999448
2,221,17,1,"{'Hab': ['DenH', 'DenD', 'DenF', 'DenA', 'DenA', 'DenF', 'DenF', 'DenA', 'DenE', 'DenC', 'DenH', 'DenH', 'DenB', 'DenC', 'DenG', 'DenB', 'DenD', 'DenC', 'DenG', 'DenD', 'DenB', 'DenE', 'DenE', 'DenG'], 'ISI': ['yellowlightshort.mov'], 'AttenGet': ['AttenGet.mov'], 'Same': ['DenA', 'DenG', 'DenC', 'DenB', 'DenF', 'DenE', 'DenD', 'DenH'], 'Switch': ['RetA', 'RetG', 'RetC', 'RetB', 'RetF', 'RetE', 'RetD', 'RetH']}",1,1,27,Switch,0,1.011588400000619,1.011588400000619
2,221,17,1,"{'Hab': ['DenH', 'DenD', 'DenF', 'DenA', 'DenA', 'DenF', 'DenF', 'DenA', 'DenE', 'DenC', 'DenH', 'DenH', 'DenB', 'DenC', 'DenG', 'DenB', 'DenD', 'DenC', 'DenG', 'DenD', 'DenB', 'DenE', 'DenE', 'DenG'], 'ISI': ['yellowlightshort.mov'], 'AttenGet': ['AttenGet.mov'], 'Same': ['DenA', 'DenG', 'DenC', 'DenB', 'DenF', 'DenE', 'DenD', 'DenH'], 'Switch': ['RetA', 'RetG', 'RetC', 'RetB', 'RetF', 'RetE', 'RetD', 'RetH']}",1,1,28,Switch,0,1.0116848000016034,1.0116848000016034
2,221,17,1,"{'Hab': ['DenH', 'DenD', 'DenF', 'DenA', 'DenA', 'DenF', 'DenF', 'DenA', 'DenE', 'DenC', 'DenH', 'DenH', 'DenB', 'DenC', 'DenG', 'DenB', 'DenD', 'DenC', 'DenG', 'DenD', 'DenB', 'DenE', 'DenE', 'DenG'], 'ISI': ['yellowlightshort.mov'], 'AttenGet': ['AttenGet.mov'], 'Same': ['DenA', 'DenG', 'DenC', 'DenB', 'DenF', 'DenE', 'DenD', 'DenH'], 'Switch': ['RetA', 'RetG', 'RetC', 'RetB', 'RetF', 'RetE', 'RetD', 'RetH']}",1,1,29,Switch,0,0.3449356999990414,0.3449356999990414
2,221,17,1,"{'Hab': ['DenH', 'DenD', 'DenF', 'DenA', 'DenA', 'DenF', 'DenF', 'DenA', 'DenE', 'DenC', 'DenH', 'DenH', 'DenB', 'DenC', 'DenG', 'DenB', 'DenD', 'DenC', 'DenG', 'DenD', 'DenB', 'DenE', 'DenE', 'DenG'], 'ISI': ['yellowlightshort.mov'], 'AttenGet': ['AttenGet.mov'], 'Same': ['DenA', 'DenG', 'DenC', 'DenB', 'DenF', 'DenE', 'DenD', 'DenH'], 'Switch': ['RetA', 'RetG', 'RetC', 'RetB', 'RetF', 'RetE', 'RetD', 'RetH']}",1,0,29,Switch,0.3449378000004799,0.5616874999996071,0.2167496999991272
2,221,17,1,"{'Hab': ['DenH', 'DenD', 'DenF', 'DenA', 'DenA', 'DenF', 'DenF', 'DenA', 'DenE', 'DenC', 'DenH', 'DenH', 'DenB', 'DenC', 'DenG', 'DenB', 'DenD', 'DenC', 'DenG', 'DenD', 'DenB', 'DenE', 'DenE', 'DenG'], 'ISI': ['yellowlightshort.mov'], 'AttenGet': ['AttenGet.mov'], 'Same': ['DenA', 'DenG', 'DenC', 'DenB', 'DenF', 'DenE', 'DenD', 'DenH'], 'Switch': ['RetA', 'RetG', 'RetC', 'RetB', 'RetF', 'RetE', 'RetD', 'RetH']}",1,1,29,Switch,0.5616855999996915,1.0116486999995686,0.44996309999987716
2,221,17,1,"{'Hab': ['DenH', 'DenD', 'DenF', 'DenA', 'DenA', 'DenF', 'DenF', 'DenA', 'DenE', 'DenC', 'DenH', 'DenH', 'DenB', 'DenC', 'DenG', 'DenB', 'DenD', 'DenC', 'DenG', 'DenD', 'DenB', 'DenE', 'DenE', 'DenG'], 'ISI': ['yellowlightshort.mov'], 'AttenGet': ['AttenGet.mov'], 'Same': ['DenA', 'DenG', 'DenC', 'DenB', 'DenF', 'DenE', 'DenD', 'DenH'], 'Switch': ['RetA', 'RetG', 'RetC', 'RetB', 'RetF', 'RetE', 'RetD', 'RetH']}",1,1,30,Switch,0,1.0110967999989953,1.0110967999989953
2,221,17,1,"{'Hab': ['DenH', 'DenD', 'DenF', 'DenA', 'DenA', 'DenF', 'DenF', 'DenA', 'DenE', 'DenC', 'DenH', 'DenH', 'DenB', 'DenC', 'DenG', 'DenB', 'DenD', 'DenC', 'DenG', 'DenD', 'DenB', 'DenE', 'DenE', 'DenG'], 'ISI': ['yellowlightshort.mov'], 'AttenGet': ['AttenGet.mov'], 'Same': ['DenA', 'DenG', 'DenC', 'DenB', 'DenF', 'DenE', 'DenD', 'DenH'], 'Switch': ['RetA', 'RetG', 'RetC', 'RetB', 'RetF', 'RetE', 'RetD', 'RetH']}",1,1,31,Switch,0,1.0115530000002764,1.0115530000002764
2,221,17,1,"{'Hab': ['DenH', 'DenD', 'DenF', 'DenA', 'DenA', 'DenF', 'DenF', 'DenA', 'DenE', 'DenC', 'DenH', 'DenH', 'DenB', 'DenC', 'DenG', 'DenB', 'DenD', 'DenC', 'DenG', 'DenD', 'DenB', 'DenE', 'DenE', 'DenG'], 'ISI': ['yellowlightshort.mov'], 'AttenGet': ['AttenGet.mov'], 'Same': ['DenA', 'DenG', 'DenC', 'DenB', 'DenF', 'DenE', 'DenD', 'DenH'], 'Switch': ['RetA', 'RetG', 'RetC', 'RetB', 'RetF', 'RetE', 'RetD', 'RetH']}",1,1,32,AttenGet,0,0.428203499999654,0.428203499999654
2,221,17,1,"{'Hab': ['DenH', 'DenD', 'DenF', 'DenA', 'DenA', 'DenF', 'DenF', 'DenA', 'DenE', 'DenC', 'DenH', 'DenH', 'DenB', 'DenC', 'DenG', 'DenB', 'DenD', 'DenC', 'DenG', 'DenD', 'DenB', 'DenE', 'DenE', 'DenG'], 'ISI': ['yellowlightshort.mov'], 'AttenGet': ['AttenGet.mov'], 'Same': ['DenA', 'DenG', 'DenC', 'DenB', 'DenF', 'DenE', 'DenD', 'DenH'], 'Switch': ['RetA', 'RetG', 'RetC', 'RetB', 'RetF', 'RetE', 'RetD', 'RetH']}",1,0,32,AttenGet,0.42820559999927355,0.6282181999995373,0.20001260000026377
2,221,17,1,"{'Hab': ['DenH', 'DenD', 'DenF', 'DenA', 'DenA', 'DenF', 'DenF', 'DenA', 'DenE', 'DenC', 'DenH', 'DenH', 'DenB', 'DenC', 'DenG', 'DenB', 'DenD', 'DenC', 'DenG', 'DenD', 'DenB', 'DenE', 'DenE', 'DenG'], 'ISI': ['yellowlightshort.mov'], 'AttenGet': ['AttenGet.mov'], 'Same': ['DenA', 'DenG', 'DenC', 'DenB', 'DenF', 'DenE', 'DenD', 'DenH'], 'Switch': ['RetA', 'RetG', 'RetC', 'RetB', 'RetF', 'RetE', 'RetD', 'RetH']}",1,1,32,AttenGet,0.6282162999996217,0.644948099999965,0.016731800000343355
2,221,17,1,"{'Hab': ['DenH', 'DenD', 'DenF', 'DenA', 'DenA', 'DenF', 'DenF', 'DenA', 'DenE', 'DenC', 'DenH', 'DenH', 'DenB', 'DenC', 'DenG', 'DenB', 'DenD', 'DenC', 'DenG', 'DenD', 'DenB', 'DenE', 'DenE', 'DenG'], 'ISI': ['yellowlightshort.mov'], 'AttenGet': ['AttenGet.mov'], 'Same': ['DenA', 'DenG', 'DenC', 'DenB', 'DenF', 'DenE', 'DenD', 'DenH'], 'Switch': ['RetA', 'RetG', 'RetC', 'RetB', 'RetF', 'RetE', 'RetD', 'RetH']}",1,0,32,AttenGet,0.6449501000006421,0.6782361000005039,0.033285999999861815
2,221,17,1,"{'Hab': ['DenH', 'DenD', 'DenF', 'DenA', 'DenA', 'DenF', 'DenF', 'DenA', 'DenE', 'DenC', 'DenH', 'DenH', 'DenB', 'DenC', 'DenG', 'DenB', 'DenD', 'DenC', 'DenG', 'DenD', 'DenB', 'DenE', 'DenE', 'DenG'], 'ISI': ['yellowlightshort.mov'], 'AttenGet': ['AttenGet.mov'], 'Same': ['DenA', 'DenG', 'DenC', 'DenB', 'DenF', 'DenE', 'DenD', 'DenH'], 'Switch': ['RetA', 'RetG', 'RetC', 'RetB', 'RetF', 'RetE', 'RetD', 'RetH']}",1,1,32,AttenGet,0.6782340999998269,1.3281633000005968,0.6499292000007699
2,221,17,1,"{'Hab': ['DenH', 'DenD', 'DenF', 'DenA', 'DenA', 'DenF', 'DenF', 'DenA', 'DenE', 'DenC', 'DenH', 'DenH', 'DenB', 'DenC', 'DenG', 'DenB', 'DenD', 'DenC', 'DenG', 'DenD', 'DenB', 'DenE', 'DenE', 'DenG'], 'ISI': ['yellowlightshort.mov'], 'AttenGet': ['AttenGet.mov'], 'Same': ['DenA', 'DenG', 'DenC', 'DenB', 'DenF', 'DenE', 'DenD', 'DenH'], 'Switch': ['RetA', 'RetG', 'RetC', 'RetB', 'RetF', 'RetE', 'RetD', 'RetH']}",1,0,32,AttenGet,1.3281654000002163,1.4949441999997362,0.16677879999951983
2,221,17,1,"{'Hab': ['DenH', 'DenD', 'DenF', 'DenA', 'DenA', 'DenF', 'DenF', 'DenA', 'DenE', 'DenC', 'DenH', 'DenH', 'DenB', 'DenC', 'DenG', 'DenB', 'DenD', 'DenC', 'DenG', 'DenD', 'DenB', 'DenE', 'DenE', 'DenG'], 'ISI': ['yellowlightshort.mov'], 'AttenGet': ['AttenGet.mov'], 'Same': ['DenA', 'DenG', 'DenC', 'DenB', 'DenF', 'DenE', 'DenD', 'DenH'], 'Switch': ['RetA', 'RetG', 'RetC', 'RetB', 'RetF', 'RetE', 'RetD', 'RetH']}",1,1,32,AttenGet,1.494942199999059,5.6784793000006175,4.183537100001558
2,221,17,1,"{'Hab': ['DenH', 'DenD', 'DenF', 'DenA', 'DenA', 'DenF', 'DenF', 'DenA', 'DenE', 'DenC', 'DenH', 'DenH', 'DenB', 'DenC', 'DenG', 'DenB', 'DenD', 'DenC', 'DenG', 'DenD', 'DenB', 'DenE', 'DenE', 'DenG'], 'ISI': ['yellowlightshort.mov'], 'AttenGet': ['AttenGet.mov'], 'Same': ['DenA', 'DenG', 'DenC', 'DenB', 'DenF', 'DenE', 'DenD', 'DenH'], 'Switch': ['RetA', 'RetG', 'RetC', 'RetB', 'RetF', 'RetE', 'RetD', 'RetH']}",1,0,32,AttenGet,5.678481400000237,5.778514499999801,0.100033099999564
2,221,17,1,"{'Hab': ['DenH', 'DenD', 'DenF', 'DenA', 'DenA', 'DenF', 'DenF', 'DenA', 'DenE', 'DenC', 'DenH', 'DenH', 'DenB', 'DenC', 'DenG', 'DenB', 'DenD', 'DenC', 'DenG', 'DenD', 'DenB', 'DenE', 'DenE', 'DenG'], 'ISI': ['yellowlightshort.mov'], 'AttenGet': ['AttenGet.mov'], 'Same': ['DenA', 'DenG', 'DenC', 'DenB', 'DenF', 'DenE', 'DenD', 'DenH'], 'Switch': ['RetA', 'RetG', 'RetC', 'RetB', 'RetF', 'RetE', 'RetD', 'RetH']}",1,1,32,AttenGet,5.7785124000001815,8.81204500000058,3.033532600000399
2,221,17,1,"{'Hab': ['DenH', 'DenD', 'DenF', 'DenA', 'DenA', 'DenF', 'DenF', 'DenA', 'DenE', 'DenC', 'DenH', 'DenH', 'DenB', 'DenC', 'DenG', 'DenB', 'DenD', 'DenC', 'DenG', 'DenD', 'DenB', 'DenE', 'DenE', 'DenG'], 'ISI': ['yellowlightshort.mov'], 'AttenGet': ['AttenGet.mov'], 'Same': ['DenA', 'DenG', 'DenC', 'DenB', 'DenF', 'DenE', 'DenD', 'DenH'], 'Switch': ['RetA', 'RetG', 'RetC', 'RetB', 'RetF', 'RetE', 'RetD', 'RetH']}",1,0,32,AttenGet,8.8120471000002,8.928603700000167,0.11655659999996715
2,221,17,1,"{'Hab': ['DenH', 'DenD', 'DenF', 'DenA', 'DenA', 'DenF', 'DenF', 'DenA', 'DenE', 'DenC', 'DenH', 'DenH', 'DenB', 'DenC', 'DenG', 'DenB', 'DenD', 'DenC', 'DenG', 'DenD', 'DenB', 'DenE', 'DenE', 'DenG'], 'ISI': ['yellowlightshort.mov'], 'AttenGet': ['AttenGet.mov'], 'Same': ['DenA', 'DenG', 'DenC', 'DenB', 'DenF', 'DenE', 'DenD', 'DenH'], 'Switch': ['RetA', 'RetG', 'RetC', 'RetB', 'RetF', 'RetE', 'RetD', 'RetH']}",1,1,32,AttenGet,8.928601600000547,10.128632399999333,1.2000307999987854
2,221,17,1,"{'Hab': ['DenH', 'DenD', 'DenF', 'DenA', 'DenA', 'DenF', 'DenF', 'DenA', 'DenE', 'DenC', 'DenH', 'DenH', 'DenB', 'DenC', 'DenG', 'DenB', 'DenD', 'DenC', 'DenG', 'DenD', 'DenB', 'DenE', 'DenE', 'DenG'], 'ISI': ['yellowlightshort.mov'], 'AttenGet': ['AttenGet.mov'], 'Same': ['DenA', 'DenG', 'DenC', 'DenB', 'DenF', 'DenE', 'DenD', 'DenH'], 'Switch': ['RetA', 'RetG', 'RetC', 'RetB', 'RetF', 'RetE', 'RetD', 'RetH']}",1,0,32,AttenGet,10.128634499998952,10.362038900000698,0.23340440000174567
2,221,17,1,"{'Hab': ['DenH', 'DenD', 'DenF', 'DenA', 'DenA', 'DenF', 'DenF', 'DenA', 'DenE', 'DenC', 'DenH', 'DenH', 'DenB', 'DenC', 'DenG', 'DenB', 'DenD', 'DenC', 'DenG', 'DenD', 'DenB', 'DenE', 'DenE', 'DenG'], 'ISI': ['yellowlightshort.mov'], 'AttenGet': ['AttenGet.mov'], 'Same': ['DenA', 'DenG', 'DenC', 'DenB', 'DenF', 'DenE', 'DenD', 'DenH'], 'Switch': ['RetA', 'RetG', 'RetC', 'RetB', 'RetF', 'RetE', 'RetD', 'RetH']}",1,1,32,AttenGet,10.362036900000021,11.56219240000064,1.2001555000006192
2,221,17,1,"{'Hab': ['DenH', 'DenD', 'DenF', 'DenA', 'DenA', 'DenF', 'DenF', 'DenA', 'DenE', 'DenC', 'DenH', 'DenH', 'DenB', 'DenC', 'DenG', 'DenB', 'DenD', 'DenC', 'DenG', 'DenD', 'DenB', 'DenE', 'DenE', 'DenG'], 'ISI': ['yellowlightshort.mov'], 'AttenGet': ['AttenGet.mov'], 'Same': ['DenA', 'DenG', 'DenC', 'DenB', 'DenF', 'DenE', 'DenD', 'DenH'], 'Switch': ['RetA', 'RetG', 'RetC', 'RetB', 'RetF', 'RetE', 'RetD', 'RetH']}",1,0,32,AttenGet,11.562196299999414,11.729131699999925,0.16693540000051144
2,221,17,1,"{'Hab': ['DenH', 'DenD', 'DenF', 'DenA', 'DenA', 'DenF', 'DenF', 'DenA', 'DenE', 'DenC', 'DenH', 'DenH', 'DenB', 'DenC', 'DenG', 'DenB', 'DenD', 'DenC', 'DenG', 'DenD', 'DenB', 'DenE', 'DenE', 'DenG'], 'ISI': ['yellowlightshort.mov'], 'AttenGet': ['AttenGet.mov'], 'Same': ['DenA', 'DenG', 'DenC', 'DenB', 'DenF', 'DenE', 'DenD', 'DenH'], 'Switch': ['RetA', 'RetG', 'RetC', 'RetB', 'RetF', 'RetE', 'RetD', 'RetH']}",1,1,32,AttenGet,11.729129499999544,11.745428099999117,0.016298599999572616
2,221,17,1,"{'Hab': ['DenH', 'DenD', 'DenF', 'DenA', 'DenA', 'DenF', 'DenF', 'DenA', 'DenE', 'DenC', 'DenH', 'DenH', 'DenB', 'DenC', 'DenG', 'DenB', 'DenD', 'DenC', 'DenG', 'DenD', 'DenB', 'DenE', 'DenE', 'DenG'], 'ISI': ['yellowlightshort.mov'], 'AttenGet': ['AttenGet.mov'], 'Same': ['DenA', 'DenG', 'DenC', 'DenB', 'DenF', 'DenE', 'DenD', 'DenH'], 'Switch': ['RetA', 'RetG', 'RetC', 'RetB', 'RetF', 'RetE', 'RetD', 'RetH']}",1,0,32,AttenGet,11.745430099999794,11.845728000000236,0.10029790000044159
2,221,17,1,"{'Hab': ['DenH', 'DenD', 'DenF', 'DenA', 'DenA', 'DenF', 'DenF', 'DenA', 'DenE', 'DenC', 'DenH', 'DenH', 'DenB', 'DenC', 'DenG', 'DenB', 'DenD', 'DenC', 'DenG', 'DenD', 'DenB', 'DenE', 'DenE', 'DenG'], 'ISI': ['yellowlightshort.mov'], 'AttenGet': ['AttenGet.mov'], 'Same': ['DenA', 'DenG', 'DenC', 'DenB', 'DenF', 'DenE', 'DenD', 'DenH'], 'Switch': ['RetA', 'RetG', 'RetC', 'RetB', 'RetF', 'RetE', 'RetD', 'RetH']}",1,1,32,AttenGet,11.845724099999643,12.012198599999465,0.166474499999822
