sNum,months,days,sex,cond,condLabel,trial,GNG,trialType,stimName,habCrit,sumOnA,numOnA,sumOffA,numOffA,sumOnB,numOnB,sumOffB,numOffB
10,221,17,1,"{'Hab': ['DenH', 'DenD', 'DenF', 'DenA', 'DenA', 'DenF', 'DenF', 'DenA', 'DenE', 'DenC', 'DenH', 'DenH', 'DenB', 'DenC', 'DenG', 'DenB', 'DenD', 'DenC', 'DenG', 'DenD', 'DenB', 'DenE', 'DenE', 'DenG'], 'ISI': ['yellowlightshort.mov'], 'AttenGet': ['AttenGet.mov'], 'Same': ['DenA', 'DenG', 'DenC', 'DenB', 'DenF', 'DenE', 'DenD', 'DenH'], 'Switch': ['RetA', 'RetG', 'RetC', 'RetB', 'RetF', 'RetE', 'RetD', 'RetH']}",LEAP04,1,1,AttenGet,AttenGet.mov,0,4.979185000000143,20,7.032650899998771,19,0,0,12.011835299999802,1
10,221,17,1,"{'Hab': ['DenH', 'DenD', 'DenF', 'DenA', 'DenA', 'DenF', 'DenF', 'DenA', 'DenE', 'DenC', 'DenH', 'DenH', 'DenB', 'DenC', 'DenG', 'DenB', 'DenD', 'DenC', 'DenG', 'DenD', 'DenB', 'DenE', 'DenE', 'DenG'], 'ISI': ['yellowlightshort.mov'], 'AttenGet': ['AttenGet.mov'], 'Same': ['DenA', 'DenG', 'DenC', 'DenB', 'DenF', 'DenE', 'DenD', 'DenH'], 'Switch': ['RetA', 'RetG', 'RetC', 'RetB', 'RetF', 'RetE', 'RetD', 'RetH']}",LEAP04,2,1,Hab,DenH,0,0.8612004000024172,4,0.15013429999999062,3,0,0,1.011335200000758,1
10,221,17,1,"{'Hab': ['DenH', 'DenD', 'DenF', 'DenA', 'DenA', 'DenF', 'DenF', 'DenA', 'DenE', 'DenC', 'DenH', 'DenH', 'DenB', 'DenC', 'DenG', 'DenB', 'DenD', 'DenC', 'DenG', 'DenD', 'DenB', 'DenE', 'DenE', 'DenG'], 'ISI': ['yellowlightshort.mov'], 'AttenGet': ['AttenGet.mov'], 'Same': ['DenA', 'DenG', 'DenC', 'DenB', 'DenF', 'DenE', 'DenD', 'DenH'], 'Switch': ['RetA', 'RetG', 'RetC', 'RetB', 'RetF', 'RetE', 'RetD', 'RetH']}",LEAP04,3,1,Hab,DenD,0,0.16150840000227618,2,0.8499247000017931,2,0,0,1.0114354000015737,1
10,221,17,1,"{'Hab': ['DenH', 'DenD', 'DenF', 'DenA', 'DenA', 'DenF', 'DenF', 'DenA', 'DenE', 'DenC', 'DenH', 'DenH', 'DenB', 'DenC', 'DenG', 'DenB', 'DenD', 'DenC', 'DenG', 'DenD', 'DenB', 'DenE', 'DenE', 'DenG'], 'ISI': ['yellowlightshort.mov'], 'AttenGet': ['AttenGet.mov'], 'Same': ['DenA', 'DenG', 'DenC', 'DenB', 'DenF', 'DenE', 'DenD', 'DenH'], 'Switch': ['RetA', 'RetG', 'RetC', 'RetB', 'RetF', 'RetE', 'RetD', 'RetH']}",LEAP04,4,1,Hab,DenF,0,0.6002884999998059,2,0.4112268999997468,2,0,0,1.0115134999996371,1
10,221,17,1,"{'Hab': ['DenH', 'DenD', 'DenF', 'DenA', 'DenA', 'DenF', 'DenF', 'DenA', 'DenE', 'DenC', 'DenH', 'DenH', 'DenB', 'DenC', 'DenG', 'DenB', 'DenD', 'DenC', 'DenG', 'DenD', 'DenB', 'DenE', 'DenE', 'DenG'], 'ISI': ['yellowlightshort.mov'], 'AttenGet': ['AttenGet.mov'], 'Same': ['DenA', 'DenG', 'DenC', 'DenB', 'DenF', 'DenE', 'DenD', 'DenH'], 'Switch': ['RetA', 'RetG', 'RetC', 'RetB', 'RetF', 'RetE', 'RetD', 'RetH']}",LEAP04,5,1,Hab,DenA,0.9777092168701803,1.011379499999748,1,0,0,0,0,1.011379499999748,1
10,221,17,1,"{'Hab': ['DenH', 'DenD', 'DenF', 'DenA', 'DenA', 'DenF', 'DenF', 'DenA', 'DenE', 'DenC', 'DenH', 'DenH', 'DenB', 'DenC', 'DenG', 'DenB', 'DenD', 'DenC', 'DenG', 'DenD', 'DenB', 'DenE', 'DenE', 'DenG'], 'ISI': ['yellowlightshort.mov'], 'AttenGet': ['AttenGet.mov'], 'Same': ['DenA', 'DenG', 'DenC', 'DenB', 'DenF', 'DenE', 'DenD', 'DenH'], 'Switch': ['RetA', 'RetG', 'RetC', 'RetB', 'RetF', 'RetE', 'RetD', 'RetH']}",LEAP04,6,1,Hab,DenA,1.06817855421797,1.01140900000064,1,0,0,0,0,1.01140900000064,1
10,221,17,1,"{'Hab': ['DenH', 'DenD', 'DenF', 'DenA', 'DenA', 'DenF', 'DenF', 'DenA', 'DenE', 'DenC', 'DenH', 'DenH', 'DenB', 'DenC', 'DenG', 'DenB', 'DenD', 'DenC', 'DenG', 'DenD', 'DenB', 'DenE', 'DenE', 'DenG'], 'ISI': ['yellowlightshort.mov'], 'AttenGet': ['AttenGet.mov'], 'Same': ['DenA', 'DenG', 'DenC', 'DenB', 'DenF', 'DenE', 'DenD', 'DenH'], 'Switch': ['RetA', 'RetG', 'RetC', 'RetB', 'RetF', 'RetE', 'RetD', 'RetH']}",LEAP04,7,1,Hab,DenF,1.5801668674699965,0.4778503000015917,4,0.5332839999991847,4,0,0,1.0111367000008613,1
10,221,17,1,"{'Hab': ['DenH', 'DenD', 'DenF', 'DenA', 'DenA', 'DenF', 'DenF', 'DenA', 'DenE', 'DenC', 'DenH', 'DenH', 'DenB', 'DenC', 'DenG', 'DenB', 'DenD', 'DenC', 'DenG', 'DenD', 'DenB', 'DenE', 'DenE', 'DenG'], 'ISI': ['yellowlightshort.mov'], 'AttenGet': ['AttenGet.mov'], 'Same': ['DenA', 'DenG', 'DenC', 'DenB', 'DenF', 'DenE', 'DenD', 'DenH'], 'Switch': ['RetA', 'RetG', 'RetC', 'RetB', 'RetF', 'RetE', 'RetD', 'RetH']}",LEAP04,8,1,Hab,DenF,1.5801668674699965,0.4328592000001663,1,0.5783083999995142,1,0,0,1.011165699999765,1
10,221,17,1,"{'Hab': ['DenH', 'DenD', 'DenF', 'DenA', 'DenA', 'DenF', 'DenF', 'DenA', 'DenE', 'DenC', 'DenH', 'DenH', 'DenB', 'DenC', 'DenG', 'DenB', 'DenD', 'DenC', 'DenG', 'DenD', 'DenB', 'DenE', 'DenE', 'DenG'], 'ISI': ['yellowlightshort.mov'], 'AttenGet': ['AttenGet.mov'], 'Same': ['DenA', 'DenG', 'DenC', 'DenB', 'DenF', 'DenE', 'DenD', 'DenH'], 'Switch': ['RetA', 'RetG', 'RetC', 'RetB', 'RetF', 'RetE', 'RetD', 'RetH']}",LEAP04,9,1,Hab,DenA,1.5801668674699965,1.0116125000004104,1,0,0,0,0,1.0116125000004104,1
10,221,17,1,"{'Hab': ['DenH', 'DenD', 'DenF', 'DenA', 'DenA', 'DenF', 'DenF', 'DenA', 'DenE', 'DenC', 'DenH', 'DenH', 'DenB', 'DenC', 'DenG', 'DenB', 'DenD', 'DenC', 'DenG', 'DenD', 'DenB', 'DenE', 'DenE', 'DenG'], 'ISI': ['yellowlightshort.mov'], 'AttenGet': ['AttenGet.mov'], 'Same': ['DenA', 'DenG', 'DenC', 'DenB', 'DenF', 'DenE', 'DenD', 'DenH'], 'Switch': ['RetA', 'RetG', 'RetC', 'RetB', 'RetF', 'RetE', 'RetD', 'RetH']}",LEAP04,10,1,Hab,DenE,1.5801668674699965,1.011577799999941,1,0,0,0,0,1.011577799999941,1
10,221,17,1,"{'Hab': ['DenH', 'DenD', 'DenF', 'DenA', 'DenA', 'DenF', 'DenF', 'DenA', 'DenE', 'DenC', 'DenH', 'DenH', 'DenB', 'DenC', 'DenG', 'DenB', 'DenD', 'DenC', 'DenG', 'DenD', 'DenB', 'DenE', 'DenE', 'DenG'], 'ISI': ['yellowlightshort.mov'], 'AttenGet': ['AttenGet.mov'], 'Same': ['DenA', 'DenG', 'DenC', 'DenB', 'DenF', 'DenE', 'DenD', 'DenH'], 'Switch': ['RetA', 'RetG', 'RetC', 'RetB', 'RetF', 'RetE', 'RetD', 'RetH']}",LEAP04,11,1,Hab,DenC,1.5801668674699965,1.0112341999993077,1,0,0,0,0,1.0112341999993077,1
10,221,17,1,"{'Hab': ['DenH', 'DenD', 'DenF', 'DenA', 'DenA', 'DenF', 'DenF', 'DenA', 'DenE', 'DenC', 'DenH', 'DenH', 'DenB', 'DenC', 'DenG', 'DenB', 'DenD', 'DenC', 'DenG', 'DenD', 'DenB', 'DenE', 'DenE', 'DenG'], 'ISI': ['yellowlightshort.mov'], 'AttenGet': ['AttenGet.mov'], 'Same': ['DenA', 'DenG', 'DenC', 'DenB', 'DenF', 'DenE', 'DenD', 'DenH'], 'Switch': ['RetA', 'RetG', 'RetC', 'RetB', 'RetF', 'RetE', 'RetD', 'RetH']}",LEAP04,12,1,Hab,DenH,1.827966566264855,0.8781842999997025,1,0.13320349999958125,1,0,0,1.0114154999992024,1
10,221,17,1,"{'Hab': ['DenH', 'DenD', 'DenF', 'DenA', 'DenA', 'DenF', 'DenF', 'DenA', 'DenE', 'DenC', 'DenH', 'DenH', 'DenB', 'DenC', 'DenG', 'DenB', 'DenD', 'DenC', 'DenG', 'DenD', 'DenB', 'DenE', 'DenE', 'DenG'], 'ISI': ['yellowlightshort.mov'], 'AttenGet': ['AttenGet.mov'], 'Same': ['DenA', 'DenG', 'DenC', 'DenB', 'DenF', 'DenE', 'DenD', 'DenH'], 'Switch': ['RetA', 'RetG', 'RetC', 'RetB', 'RetF', 'RetE', 'RetD', 'RetH']}",LEAP04,13,1,Hab,DenH,1.827966566264855,0.8501169999999547,1,0.16158100000029663,1,0,0,1.0116961000003357,1
10,221,17,1,"{'Hab': ['DenH', 'DenD', 'DenF', 'DenA', 'DenA', 'DenF', 'DenF', 'DenA', 'DenE', 'DenC', 'DenH', 'DenH', 'DenB', 'DenC', 'DenG', 'DenB', 'DenD', 'DenC', 'DenG', 'DenD', 'DenB', 'DenE', 'DenE', 'DenG'], 'ISI': ['yellowlightshort.mov'], 'AttenGet': ['AttenGet.mov'], 'Same': ['DenA', 'DenG', 'DenC', 'DenB', 'DenF', 'DenE', 'DenD', 'DenH'], 'Switch': ['RetA', 'RetG', 'RetC', 'RetB', 'RetF', 'RetE', 'RetD', 'RetH']}",LEAP04,14,1,Hab,DenB,1.827966566264855,1.0114682000003086,1,0,0,0,0,1.0114682000003086,1
10,221,17,1,"{'Hab': ['DenH', 'DenD', 'DenF', 'DenA', 'DenA', 'DenF', 'DenF', 'DenA', 'DenE', 'DenC', 'DenH', 'DenH', 'DenB', 'DenC', 'DenG', 'DenB', 'DenD', 'DenC', 'DenG', 'DenD', 'DenB', 'DenE', 'DenE', 'DenG'], 'ISI': ['yellowlightshort.mov'], 'AttenGet': ['AttenGet.mov'], 'Same': ['DenA', 'DenG', 'DenC', 'DenB', 'DenF', 'DenE', 'DenD', 'DenH'], 'Switch': ['RetA', 'RetG', 'RetC', 'RetB', 'RetF', 'RetE', 'RetD', 'RetH']}",LEAP04,15,1,Hab,DenC,1.827966566264855,1.011312700000417,1,0,0,0,0,1.011312700000417,1
10,221,17,1,"{'Hab': ['DenH', 'DenD', 'DenF', 'DenA', 'DenA', 'DenF', 'DenF', 'DenA', 'DenE', 'DenC', 'DenH', 'DenH', 'DenB', 'DenC', 'DenG', 'DenB', 'DenD', 'DenC', 'DenG', 'DenD', 'DenB', 'DenE', 'DenE', 'DenG'], 'ISI': ['yellowlightshort.mov'], 'AttenGet': ['AttenGet.mov'], 'Same': ['DenA', 'DenG', 'DenC', 'DenB', 'DenF', 'DenE', 'DenD', 'DenH'], 'Switch': ['RetA', 'RetG', 'RetC', 'RetB', 'RetF', 'RetE', 'RetD', 'RetH']}",LEAP04,16,1,Hab,DenG,1.827966566264855,1.0116668999999092,1,0,0,0,0,1.0116668999999092,1
10,221,17,1,"{'Hab': ['DenH', 'DenD', 'DenF', 'DenA', 'DenA', 'DenF', 'DenF', 'DenA', 'DenE', 'DenC', 'DenH', 'DenH', 'DenB', 'DenC', 'DenG', 'DenB', 'DenD', 'DenC', 'DenG', 'DenD', 'DenB', 'DenE', 'DenE', 'DenG'], 'ISI': ['yellowlightshort.mov'], 'AttenGet': ['AttenGet.mov'], 'Same': ['DenA', 'DenG', 'DenC', 'DenB', 'DenF', 'DenE', 'DenD', 'DenH'], 'Switch': ['RetA', 'RetG', 'RetC', 'RetB', 'RetF', 'RetE', 'RetD', 'RetH']}",LEAP04,17,1,Hab,DenB,1.827980602410021,1.0116061000007903,1,0,0,0,0,1.0116061000007903,1
10,221,17,1,"{'Hab': ['DenH', 'DenD', 'DenF', 'DenA', 'DenA', 'DenF', 'DenF', 'DenA', 'DenE', 'DenC', 'DenH', 'DenH', 'DenB', 'DenC', 'DenG', 'DenB', 'DenD', 'DenC', 'DenG', 'DenD', 'DenB', 'DenE', 'DenE', 'DenG'], 'ISI': ['yellowlightshort.mov'], 'AttenGet': ['AttenGet.mov'], 'Same': ['DenA', 'DenG', 'DenC', 'DenB', 'DenF', 'DenE', 'DenD', 'DenH'], 'Switch': ['RetA', 'RetG', 'RetC', 'RetB', 'RetF', 'RetE', 'RetD', 'RetH']}",LEAP04,18,1,Hab,DenD,1.8280636746994678,1.0115891999994346,1,0,0,0,0,1.0115891999994346,1
10,221,17,1,"{'Hab': ['DenH', 'DenD', 'DenF', 'DenA', 'DenA', 'DenF', 'DenF', 'DenA', 'DenE', 'DenC', 'DenH', 'DenH', 'DenB', 'DenC', 'DenG', 'DenB', 'DenD', 'DenC', 'DenG', 'DenD', 'DenB', 'DenE', 'DenE', 'DenG'], 'ISI': ['yellowlightshort.mov'], 'AttenGet': ['AttenGet.mov'], 'Same': ['DenA', 'DenG', 'DenC', 'DenB', 'DenF', 'DenE', 'DenD', 'DenH'], 'Switch': ['RetA', 'RetG', 'RetC', 'RetB', 'RetF', 'RetE', 'RetD', 'RetH']}",LEAP04,19,1,Hab,DenC,1.8282302409639364,0.8450930999970296,2,0.16658300000017334,1,0,0,1.0116762999987259,1
10,221,17,1,"{'Hab': ['DenH', 'DenD', 'DenF', 'DenA', 'DenA', 'DenF', 'DenF', 'DenA', 'DenE', 'DenC', 'DenH', 'DenH', 'DenB', 'DenC', 'DenG', 'DenB', 'DenD', 'DenC', 'DenG', 'DenD', 'DenB', 'DenE', 'DenE', 'DenG'], 'ISI': ['yellowlightshort.mov'], 'AttenGet': ['AttenGet.mov'], 'Same': ['DenA', 'DenG', 'DenC', 'DenB', 'DenF', 'DenE', 'DenD', 'DenH'], 'Switch': ['RetA', 'RetG', 'RetC', 'RetB', 'RetF', 'RetE', 'RetD', 'RetH']}",LEAP04,20,1,Hab,DenG,1.8282302409639364,0.6781969000003301,1,0.33332460000019637,1,0,0,1.011523600000146,1
10,221,17,1,"{'Hab': ['DenH', 'DenD', 'DenF', 'DenA', 'DenA', 'DenF', 'DenF', 'DenA', 'DenE', 'DenC', 'DenH', 'DenH', 'DenB', 'DenC', 'DenG', 'DenB', 'DenD', 'DenC', 'DenG', 'DenD', 'DenB', 'DenE', 'DenE', 'DenG'], 'ISI': ['yellowlightshort.mov'], 'AttenGet': ['AttenGet.mov'], 'Same': ['DenA', 'DenG', 'DenC', 'DenB', 'DenF', 'DenE', 'DenD', 'DenH'], 'Switch': ['RetA', 'RetG', 'RetC', 'RetB', 'RetF', 'RetE', 'RetD', 'RetH']}",LEAP04,21,1,Hab,DenD,1.8282302409639364,0.41679930000100285,3,0.5947707999985141,3,0,0,1.0115939999996044,1
10,221,17,1,"{'Hab': ['DenH', 'DenD', 'DenF', 'DenA', 'DenA', 'DenF', 'DenF', 'DenA', 'DenE', 'DenC', 'DenH', 'DenH', 'DenB', 'DenC', 'DenG', 'DenB', 'DenD', 'DenC', 'DenG', 'DenD', 'DenB', 'DenE', 'DenE', 'DenG'], 'ISI': ['yellowlightshort.mov'], 'AttenGet': ['AttenGet.mov'], 'Same': ['DenA', 'DenG', 'DenC', 'DenB', 'DenF', 'DenE', 'DenD', 'DenH'], 'Switch': ['RetA', 'RetG', 'RetC', 'RetB', 'RetF', 'RetE', 'RetD', 'RetH']}",LEAP04,22,1,Hab,DenB,1.8282302409639364,0.8449077999994188,2,0.16662219999852823,2,0,0,1.0115323000009084,1
10,221,17,1,"{'Hab': ['DenH', 'DenD', 'DenF', 'DenA', 'DenA', 'DenF', 'DenF', 'DenA', 'DenE', 'DenC', 'DenH', 'DenH', 'DenB', 'DenC', 'DenG', 'DenB', 'DenD', 'DenC', 'DenG', 'DenD', 'DenB', 'DenE', 'DenE', 'DenG'], 'ISI': ['yellowlightshort.mov'], 'AttenGet': ['AttenGet.mov'], 'Same': ['DenA', 'DenG', 'DenC', 'DenB', 'DenF', 'DenE', 'DenD', 'DenH'], 'Switch': ['RetA', 'RetG', 'RetC', 'RetB', 'RetF', 'RetE', 'RetD', 'RetH']}",LEAP04,23,1,Hab,DenE,1.8282302409639364,0.6997821999993903,3,0.31160429999908956,3,0,0,1.011370899999747,1
10,221,17,1,"{'Hab': ['DenH', 'DenD', 'DenF', 'DenA', 'DenA', 'DenF', 'DenF', 'DenA', 'DenE', 'DenC', 'DenH', 'DenH', 'DenB', 'DenC', 'DenG', 'DenB', 'DenD', 'DenC', 'DenG', 'DenD', 'DenB', 'DenE', 'DenE', 'DenG'], 'ISI': ['yellowlightshort.mov'], 'AttenGet': ['AttenGet.mov'], 'Same': ['DenA', 'DenG', 'DenC', 'DenB', 'DenF', 'DenE', 'DenD', 'DenH'], 'Switch': ['RetA', 'RetG', 'RetC', 'RetB', 'RetF', 'RetE', 'RetD', 'RetH']}",LEAP04,24,1,Hab,DenE,1.8282302409639364,1.0112545000010869,1,0,0,0,0,1.0112545000010869,1
10,221,17,1,"{'Hab': ['DenH', 'DenD', 'DenF', 'DenA', 'DenA', 'DenF', 'DenF', 'DenA', 'DenE', 'DenC', 'DenH', 'DenH', 'DenB', 'DenC', 'DenG', 'DenB', 'DenD', 'DenC', 'DenG', 'DenD', 'DenB', 'DenE', 'DenE', 'DenG'], 'ISI': ['yellowlightshort.mov'], 'AttenGet': ['AttenGet.mov'], 'Same': ['DenA', 'DenG', 'DenC', 'DenB', 'DenF', 'DenE', 'DenD', 'DenH'], 'Switch': ['RetA', 'RetG', 'RetC', 'RetB', 'RetF', 'RetE', 'RetD', 'RetH']}",LEAP04,25,1,Hab,DenG,1.8282302409639364,0.7451307000028464,3,0.26678139999967243,3,0,0,1.011914100001377,1
10,221,17,1,"{'Hab': ['DenH', 'DenD', 'DenF', 'DenA', 'DenA', 'DenF', 'DenF', 'DenA', 'DenE', 'DenC', 'DenH', 'DenH', 'DenB', 'DenC', 'DenG', 'DenB', 'DenD', 'DenC', 'DenG', 'DenD', 'DenB', 'DenE', 'DenE', 'DenG'], 'ISI': ['yellowlightshort.mov'], 'AttenGet': ['AttenGet.mov'], 'Same': ['DenA', 'DenG', 'DenC', 'DenB', 'DenF', 'DenE', 'DenD', 'DenH'], 'Switch': ['RetA', 'RetG', 'RetC', 'RetB', 'RetF', 'RetE', 'RetD', 'RetH']}",LEAP04,26,1,Hab,DenH,1.8282302409639364,0.7949984000006225,4,0.2164076999979443,3,0,0,1.0114085000004707,1
10,221,17,1,"{'Hab': ['DenH', 'DenD', 'DenF', 'DenA', 'DenA', 'DenF', 'DenF', 'DenA', 'DenE', 'DenC', 'DenH', 'DenH', 'DenB', 'DenC', 'DenG', 'DenB', 'DenD', 'DenC', 'DenG', 'DenD', 'DenB', 'DenE', 'DenE', 'DenG'], 'ISI': ['yellowlightshort.mov'], 'AttenGet': ['AttenGet.mov'], 'Same': ['DenA', 'DenG', 'DenC', 'DenB', 'DenF', 'DenE', 'DenD', 'DenH'], 'Switch': ['RetA', 'RetG', 'RetC', 'RetB', 'RetF', 'RetE', 'RetD', 'RetH']}",LEAP04,27,1,ISI,yellowlightshort.mov,1.8282302409639364,1.394961100000728,5,0.6166603000001487,4,0,0,2.0116219999999885,1
10,221,17,1,"{'Hab': ['DenH', 'DenD', 'DenF', 'DenA', 'DenA', 'DenF', 'DenF', 'DenA', 'DenE', 'DenC', 'DenH', 'DenH', 'DenB', 'DenC', 'DenG', 'DenB', 'DenD', 'DenC', 'DenG', 'DenD', 'DenB', 'DenE', 'DenE', 'DenG'], 'ISI': ['yellowlightshort.mov'], 'AttenGet': ['AttenGet.mov'], 'Same': ['DenA', 'DenG', 'DenC', 'DenB', 'DenF', 'DenE', 'DenD', 'DenH'], 'Switch': ['RetA', 'RetG', 'RetC', 'RetB', 'RetF', 'RetE', 'RetD', 'RetH']}",LEAP04,28,1,Same,DenA,1.8282302409639364,1.0116826000012225,1,0,0,0,0,1.0116826000012225,1
10,221,17,1,"{'Hab': ['DenH', 'DenD', 'DenF', 'DenA', 'DenA', 'DenF', 'DenF', 'DenA', 'DenE', 'DenC', 'DenH', 'DenH', 'DenB', 'DenC', 'DenG', 'DenB', 'DenD', 'DenC', 'DenG', 'DenD', 'DenB', 'DenE', 'DenE', 'DenG'], 'ISI': ['yellowlightshort.mov'], 'AttenGet': ['AttenGet.mov'], 'Same': ['DenA', 'DenG', 'DenC', 'DenB', 'DenF', 'DenE', 'DenD', 'DenH'], 'Switch': ['RetA', 'RetG', 'RetC', 'RetB', 'RetF', 'RetE', 'RetD', 'RetH']}",LEAP04,29,1,Same,DenG,1.8282302409639364,1.011236899999858,1,0,0,0,0,1.011236899999858,1
10,221,17,1,"{'Hab': ['DenH', 'DenD', 'DenF', 'DenA', 'DenA', 'DenF', 'DenF', 'DenA', 'DenE', 'DenC', 'DenH', 'DenH', 'DenB', 'DenC', 'DenG', 'DenB', 'DenD', 'DenC', 'DenG', 'DenD', 'DenB', 'DenE', 'DenE', 'DenG'], 'ISI': ['yellowlightshort.mov'], 'AttenGet': ['AttenGet.mov'], 'Same': ['DenA', 'DenG', 'DenC', 'DenB', 'DenF', 'DenE', 'DenD', 'DenH'], 'Switch': ['RetA', 'RetG', 'RetC', 'RetB', 'RetF', 'RetE', 'RetD', 'RetH']}",LEAP04,30,1,Same,DenC,1.8282302409639364,1.0116560999995272,1,0,0,0,0,1.0116560999995272,1
10,221,17,1,"{'Hab': ['DenH', 'DenD', 'DenF', 'DenA', 'DenA', 'DenF', 'DenF', 'DenA', 'DenE', 'DenC', 'DenH', 'DenH', 'DenB', 'DenC', 'DenG', 'DenB', 'DenD', 'DenC', 'DenG', 'DenD', 'DenB', 'DenE', 'DenE', 'DenG'], 'ISI': ['yellowlightshort.mov'], 'AttenGet': ['AttenGet.mov'], 'Same': ['DenA', 'DenG', 'DenC', 'DenB', 'DenF', 'DenE', 'DenD', 'DenH'], 'Switch': ['RetA', 'RetG', 'RetC', 'RetB', 'RetF', 'RetE', 'RetD', 'RetH']}",LEAP04,31,1,Same,DenB,1.8282302409639364,1.00761219999913,1,0,0,0,0,1.00761219999913,1
10,221,17,1,"{'Hab': ['DenH', 'DenD', 'DenF', 'DenA', 'DenA', 'DenF', 'DenF', 'DenA', 'DenE', 'DenC', 'DenH', 'DenH', 'DenB', 'DenC', 'DenG', 'DenB', 'DenD', 'DenC', 'DenG', 'DenD', 'DenB', 'DenE', 'DenE', 'DenG'], 'ISI': ['yellowlightshort.mov'], 'AttenGet': ['AttenGet.mov'], 'Same': ['DenA', 'DenG', 'DenC', 'DenB', 'DenF', 'DenE', 'DenD', 'DenH'], 'Switch': ['RetA', 'RetG', 'RetC', 'RetB', 'RetF', 'RetE', 'RetD', 'RetH']}",LEAP04,32,1,Same,DenF,1.8282302409639364,0.8782281000003422,3,0.13349490000109654,2,0,0,1.011723499999789,1
10,221,17,1,"{'Hab': ['DenH', 'DenD', 'DenF', 'DenA', 'DenA', 'DenF', 'DenF', 'DenA', 'DenE', 'DenC', 'DenH', 'DenH', 'DenB', 'DenC', 'DenG', 'DenB', 'DenD', 'DenC', 'DenG', 'DenD', 'DenB', 'DenE', 'DenE', 'DenG'], 'ISI': ['yellowlightshort.mov'], 'AttenGet': ['AttenGet.mov'], 'Same': ['DenA', 'DenG', 'DenC', 'DenB', 'DenF', 'DenE', 'DenD', 'DenH'], 'Switch': ['RetA', 'RetG', 'RetC', 'RetB', 'RetF', 'RetE', 'RetD', 'RetH']}",LEAP04,33,1,Same,DenE,1.8282302409639364,0.8774830999991536,3,0.13329590000284952,2,0,0,1.010779399999592,1
10,221,17,1,"{'Hab': ['DenH', 'DenD', 'DenF', 'DenA', 'DenA', 'DenF', 'DenF', 'DenA', 'DenE', 'DenC', 'DenH', 'DenH', 'DenB', 'DenC', 'DenG', 'DenB', 'DenD', 'DenC', 'DenG', 'DenD', 'DenB', 'DenE', 'DenE', 'DenG'], 'ISI': ['yellowlightshort.mov'], 'AttenGet': ['AttenGet.mov'], 'Same': ['DenA', 'DenG', 'DenC', 'DenB', 'DenF', 'DenE', 'DenD', 'DenH'], 'Switch': ['RetA', 'RetG', 'RetC', 'RetB', 'RetF', 'RetE', 'RetD', 'RetH']}",LEAP04,34,1,Same,DenD,1.8282302409639364,0.9614854000010382,2,0.05010679999941203,1,0,0,1.0115920999996888,1
10,221,17,1,"{'Hab': ['DenH', 'DenD', 'DenF', 'DenA', 'DenA', 'DenF', 'DenF', 'DenA', 'DenE', 'DenC', 'DenH', 'DenH', 'DenB', 'DenC', 'DenG', 'DenB', 'DenD', 'DenC', 'DenG', 'DenD', 'DenB', 'DenE', 'DenE', 'DenG'], 'ISI': ['yellowlightshort.mov'], 'AttenGet': ['AttenGet.mov'], 'Same': ['DenA', 'DenG', 'DenC', 'DenB', 'DenF', 'DenE', 'DenD', 'DenH'], 'Switch': ['RetA', 'RetG', 'RetC', 'RetB', 'RetF', 'RetE', 'RetD', 'RetH']}",LEAP04,35,1,Same,DenH,1.8282302409639364,1.0107136000005994,1,0,0,0,0,1.0107136000005994,1
10,221,17,1,"{'Hab': ['DenH', 'DenD', 'DenF', 'DenA', 'DenA', 'DenF', 'DenF', 'DenA', 'DenE', 'DenC', 'DenH', 'DenH', 'DenB', 'DenC', 'DenG', 'DenB', 'DenD', 'DenC', 'DenG', 'DenD', 'DenB', 'DenE', 'DenE', 'DenG'], 'ISI': ['yellowlightshort.mov'], 'AttenGet': ['AttenGet.mov'], 'Same': ['DenA', 'DenG', 'DenC', 'DenB', 'DenF', 'DenE', 'DenD', 'DenH'], 'Switch': ['RetA', 'RetG', 'RetC', 'RetB', 'RetF', 'RetE', 'RetD', 'RetH']}",LEAP04,36,1,ISI,yellowlightshort.mov,1.8282302409639364,1.6941616000003705,3,0.31664249999994354,2,0,0,2.0108046000004833,1
10,221,17,1,"{'Hab': ['DenH', 'DenD', 'DenF', 'DenA', 'DenA', 'DenF', 'DenF', 'DenA', 'DenE', 'DenC', 'DenH', 'DenH', 'DenB', 'DenC', 'DenG', 'DenB', 'DenD', 'DenC', 'DenG', 'DenD', 'DenB', 'DenE', 'DenE', 'DenG'], 'ISI': ['yellowlightshort.mov'], 'AttenGet': ['AttenGet.mov'], 'Same': ['DenA', 'DenG', 'DenC', 'DenB', 'DenF', 'DenE', 'DenD', 'DenH'], 'Switch': ['RetA', 'RetG', 'RetC', 'RetB', 'RetF', 'RetE', 'RetD', 'RetH']}",LEAP04,37,1,Switch,RetA,1.8282302409639364,1.0115531999999803,1,0,0,0,0,1.0115531999999803,1
10,221,17,1,"{'Hab': ['DenH', 'DenD', 'DenF', 'DenA', 'DenA', 'DenF', 'DenF', 'DenA', 'DenE', 'DenC', 'DenH', 'DenH', 'DenB', 'DenC', 'DenG', 'DenB', 'DenD', 'DenC', 'DenG', 'DenD', 'DenB', 'DenE', 'DenE', 'DenG'], 'ISI': ['yellowlightshort.mov'], 'AttenGet': ['AttenGet.mov'], 'Same': ['DenA', 'DenG', 'DenC', 'DenB', 'DenF', 'DenE', 'DenD', 'DenH'], 'Switch': ['RetA', 'RetG', 'RetC', 'RetB', 'RetF', 'RetE', 'RetD', 'RetH']}",LEAP04,38,1,Switch,RetG,1.8282302409639364,1.0112398999990546,1,0,0,0,0,1.0112398999990546,1
10,221,17,1,"{'Hab': ['DenH', 'DenD', 'DenF', 'DenA', 'DenA', 'DenF', 'DenF', 'DenA', 'DenE', 'DenC', 'DenH', 'DenH', 'DenB', 'DenC', 'DenG', 'DenB', 'DenD', 'DenC', 'DenG', 'DenD', 'DenB', 'DenE', 'DenE', 'DenG'], 'ISI': ['yellowlightshort.mov'], 'AttenGet': ['AttenGet.mov'], 'Same': ['DenA', 'DenG', 'DenC', 'DenB', 'DenF', 'DenE', 'DenD', 'DenH'], 'Switch': ['RetA', 'RetG', 'RetC', 'RetB', 'RetF', 'RetE', 'RetD', 'RetH']}",LEAP04,39,1,Switch,RetC,1.8282302409639364,1.0117286000004242,1,0,0,0,0,1.0117286000004242,1
10,221,17,1,"{'Hab': ['DenH', 'DenD', 'DenF', 'DenA', 'DenA', 'DenF', 'DenF', 'DenA', 'DenE', 'DenC', 'DenH', 'DenH', 'DenB', 'DenC', 'DenG', 'DenB', 'DenD', 'DenC', 'DenG', 'DenD', 'DenB', 'DenE', 'DenE', 'DenG'], 'ISI': ['yellowlightshort.mov'], 'AttenGet': ['AttenGet.mov'], 'Same': ['DenA', 'DenG', 'DenC', 'DenB', 'DenF', 'DenE', 'DenD', 'DenH'], 'Switch': ['RetA', 'RetG', 'RetC', 'RetB', 'RetF', 'RetE', 'RetD', 'RetH']}",LEAP04,40,1,Switch,RetB,1.8282302409639364,1.0112600999982533,1,0,0,0,0,1.0112600999982533,1
10,221,17,1,"{'Hab': ['DenH', 'DenD', 'DenF', 'DenA', 'DenA', 'DenF', 'DenF', 'DenA', 'DenE', 'DenC', 'DenH', 'DenH', 'DenB', 'DenC', 'DenG', 'DenB', 'DenD', 'DenC', 'DenG', 'DenD', 'DenB', 'DenE', 'DenE', 'DenG'], 'ISI': ['yellowlightshort.mov'], 'AttenGet': ['AttenGet.mov'], 'Same': ['DenA', 'DenG', 'DenC', 'DenB', 'DenF', 'DenE', 'DenD', 'DenH'], 'Switch': ['RetA', 'RetG', 'RetC', 'RetB', 'RetF', 'RetE', 'RetD', 'RetH']}",LEAP04,41,1,Switch,RetF,1.8282302409639364,1.011415200000556,1,0,0,0,0,1.011415200000556,1
10,221,17,1,"{'Hab': ['DenH', 'DenD', 'DenF', 'DenA', 'DenA', 'DenF', 'DenF', 'DenA', 'DenE', 'DenC', 'DenH', 'DenH', 'DenB', 'DenC', 'DenG', 'DenB', 'DenD', 'DenC', 'DenG', 'DenD', 'DenB', 'DenE', 'DenE', 'DenG'], 'ISI': ['yellowlightshort.mov'], 'AttenGet': ['AttenGet.mov'], 'Same': ['DenA', 'DenG', 'DenC', 'DenB', 'DenF', 'DenE', 'DenD', 'DenH'], 'Switch': ['RetA', 'RetG', 'RetC', 'RetB', 'RetF', 'RetE', 'RetD', 'RetH']}",LEAP04,42,1,Switch,RetE,1.8282302409639364,1.0082131999988633,1,0,0,0,0,1.0082131999988633,1
10,221,17,1,"{'Hab': ['DenH', 'DenD', 'DenF', 'DenA', 'DenA', 'DenF', 'DenF', 'DenA', 'DenE', 'DenC', 'DenH', 'DenH', 'DenB', 'DenC', 'DenG', 'DenB', 'DenD', 'DenC', 'DenG', 'DenD', 'DenB', 'DenE', 'DenE', 'DenG'], 'ISI': ['yellowlightshort.mov'], 'AttenGet': ['AttenGet.mov'], 'Same': ['DenA', 'DenG', 'DenC', 'DenB', 'DenF', 'DenE', 'DenD', 'DenH'], 'Switch': ['RetA', 'RetG', 'RetC', 'RetB', 'RetF', 'RetE', 'RetD', 'RetH']}",LEAP04,43,1,Switch,RetD,1.8282302409639364,1.0110072000006767,1,0,0,0,0,1.0110072000006767,1
10,221,17,1,"{'Hab': ['DenH', 'DenD', 'DenF', 'DenA', 'DenA', 'DenF', 'DenF', 'DenA', 'DenE', 'DenC', 'DenH', 'DenH', 'DenB', 'DenC', 'DenG', 'DenB', 'DenD', 'DenC', 'DenG', 'DenD', 'DenB', 'DenE', 'DenE', 'DenG'], 'ISI': ['yellowlightshort.mov'], 'AttenGet': ['AttenGet.mov'], 'Same': ['DenA', 'DenG', 'DenC', 'DenB', 'DenF', 'DenE', 'DenD', 'DenH'], 'Switch': ['RetA', 'RetG', 'RetC', 'RetB', 'RetF', 'RetE', 'RetD', 'RetH']}",LEAP04,44,1,Switch,RetH,1.8282302409639364,0.927574999999706,2,0.0837467999990622,1,0,0,1.011322199999995,1
10,221,17,1,"{'Hab': ['DenH', 'DenD', 'DenF', 'DenA', 'DenA', 'DenF', 'DenF', 'DenA', 'DenE', 'DenC', 'DenH', 'DenH', 'DenB', 'DenC', 'DenG', 'DenB', 'DenD', 'DenC', 'DenG', 'DenD', 'DenB', 'DenE', 'DenE', 'DenG'], 'ISI': ['yellowlightshort.mov'], 'AttenGet': ['AttenGet.mov'], 'Same': ['DenA', 'DenG', 'DenC', 'DenB', 'DenF', 'DenE', 'DenD', 'DenH'], 'Switch': ['RetA', 'RetG', 'RetC', 'RetB', 'RetF', 'RetE', 'RetD', 'RetH']}",LEAP04,45,1,AttenGet,AttenGet.mov,1.8282302409639364,11.695340399999623,3,0.31697130000065954,2,0,0,12.01231159999952,1
