snum,months,days,sex,cond,GNG,gazeOnOff,trial,trialType,startTime,endTime,duration
1,221,17,1,"{'Hab': ['DenH', 'DenD', 'DenF', 'DenA', 'DenA', 'DenF', 'DenF', 'DenA', 'DenE', 'DenC', 'DenH', 'DenH', 'DenB', 'DenC', 'DenG', 'DenB', 'DenD', 'DenC', 'DenG', 'DenD', 'DenB', 'DenE', 'DenE', 'DenG'], 'ISI': ['yellowlightshort.mov'], 'AttenGet': ['AttenGet.mov'], 'Same': ['DenA', 'DenG', 'DenC', 'DenB', 'DenF', 'DenE', 'DenD', 'DenH'], 'Switch': ['RetA', 'RetG', 'RetC', 'RetB', 'RetF', 'RetE', 'RetD', 'RetH']}",1,1,1,AttenGet,0,1.1619339999997464,1.1619339999997464
1,221,17,1,"{'Hab': ['DenH', 'DenD', 'DenF', 'DenA', 'DenA', 'DenF', 'DenF', 'DenA', 'DenE', 'DenC', 'DenH', 'DenH', 'DenB', 'DenC', 'DenG', 'DenB', 'DenD', 'DenC', 'DenG', 'DenD', 'DenB', 'DenE', 'DenE', 'DenG'], 'ISI': ['yellowlightshort.mov'], 'AttenGet': ['AttenGet.mov'], 'Same': ['DenA', 'DenG', 'DenC', 'DenB', 'DenF', 'DenE', 'DenD', 'DenH'], 'Switch': ['RetA', 'RetG', 'RetC', 'RetB', 'RetF', 'RetE', 'RetD', 'RetH']}",1,0,1,AttenGet,1.161936099999366,1.3452679000001808,0.18333180000081484
1,221,17,1,"{'Hab': ['DenH', 'DenD', 'DenF', 'DenA', 'DenA', 'DenF', 'DenF', 'DenA', 'DenE', 'DenC', 'DenH', 'DenH', 'DenB', 'DenC', 'DenG', 'DenB', 'DenD', 'DenC', 'DenG', 'DenD', 'DenB', 'DenE', 'DenE', 'DenG'], 'ISI': ['yellowlightshort.mov'], 'AttenGet': ['AttenGet.mov'], 'Same': ['DenA', 'DenG', 'DenC', 'DenB', 'DenF', 'DenE', 'DenD', 'DenH'], 'Switch': ['RetA', 'RetG', 'RetC', 'RetB', 'RetF', 'RetE', 'RetD', 'RetH']}",1,1,1,AttenGet,1.3452658000005613,1.3619543999993766,0.016688599998815334
1,221,17,1,"{'Hab': ['DenH', 'DenD', 'DenF', 'DenA', 'DenA', 'DenF', 'DenF', 'DenA', 'DenE', 'DenC', 'DenH', 'DenH', 'DenB', 'DenC', 'DenG', 'DenB', 'DenD', 'DenC', 'DenG', 'DenD', 'DenB', 'DenE', 'DenE', 'DenG'], 'ISI': ['yellowlightshort.mov'], 'AttenGet': ['AttenGet.mov'], 'Same': ['DenA', 'DenG', 'DenC', 'DenB', 'DenF', 'DenE', 'DenD', 'DenH'], 'Switch': ['RetA', 'RetG', 'RetC', 'RetB', 'RetF', 'RetE', 'RetD', 'RetH']}",1,0,1,AttenGet,1.3619562999992922,1.395314999999755,0.033358700000462704
1,221,17,1,"{'Hab': ['DenH', 'DenD', 'DenF', 'DenA', 'DenA', 'DenF', 'DenF', 'DenA', 'DenE', 'DenC', 'DenH', 'DenH', 'DenB', 'DenC', 'DenG', 'DenB', 'DenD', 'DenC', 'DenG', 'DenD', 'DenB', 'DenE', 'DenE', 'DenG'], 'ISI': ['yellowlightshort.mov'], 'AttenGet': ['AttenGet.mov'], 'Same': ['DenA', 'DenG', 'DenC', 'DenB', 'DenF', 'DenE', 'DenD', 'DenH'], 'Switch': ['RetA', 'RetG', 'RetC', 'RetB', 'RetF', 'RetE', 'RetD', 'RetH']}",1,1,1,AttenGet,1.3953130999998393,2.0453276000007463,0.650014500000907
1,221,17,1,"{'Hab': ['DenH', 'DenD', 'DenF', 'DenA', 'DenA', 'DenF', 'DenF', 'DenA', 'DenE', 'DenC', 'DenH', 'DenH', 'DenB', 'DenC', 'DenG', 'DenB', 'DenD', 'DenC', 'DenG', 'DenD', 'DenB', 'DenE', 'DenE', 'DenG'], 'ISI': ['yellowlightshort.mov'], 'AttenGet': ['AttenGet.mov'], 'Same': ['DenA', 'DenG', 'DenC', 'DenB', 'DenF', 'DenE', 'DenD', 'DenH'], 'Switch': ['RetA', 'RetG', 'RetC', 'RetB', 'RetF', 'RetE', 'RetD', 'RetH']}",1,0,1,AttenGet,2.045329700000366,2.2620556999991095,0.21672599999874365
1,221,17,1,"{'Hab': ['DenH', 'DenD', 'DenF', 'DenA', 'DenA', 'DenF', 'DenF', 'DenA', 'DenE', 'DenC', 'DenH', 'DenH', 'DenB', 'DenC', 'DenG', 'DenB', 'DenD', 'DenC', 'DenG', 'DenD', 'DenB', 'DenE', 'DenE', 'DenG'], 'ISI': ['yellowlightshort.mov'], 'AttenGet': ['AttenGet.mov'], 'Same': ['DenA', 'DenG', 'DenC', 'DenB', 'DenF', 'DenE', 'DenD', 'DenH'], 'Switch': ['RetA', 'RetG', 'RetC', 'RetB', 'RetF', 'RetE', 'RetD', 'RetH']}",1,1,1,AttenGet,2.262053799999194,2.278592900000149,0.01653910000095493
1,221,17,1,"{'Hab': ['DenH', 'DenD', 'DenF', 'DenA', 'DenA', 'DenF', 'DenF', 'DenA', 'DenE', 'DenC', 'DenH', 'DenH', 'DenB', 'DenC', 'DenG', 'DenB', 'DenD', 'DenC', 'DenG', 'DenD', 'DenB', 'DenE', 'DenE', 'DenG'], 'ISI': ['yellowlightshort.mov'], 'AttenGet': ['AttenGet.mov'], 'Same': ['DenA', 'DenG', 'DenC', 'DenB', 'DenF', 'DenE', 'DenD', 'DenH'], 'Switch': ['RetA', 'RetG', 'RetC', 'RetB', 'RetF', 'RetE', 'RetD', 'RetH']}",1,0,1,AttenGet,2.278594899999007,2.2954644999990705,0.016869600000063656
1,221,17,1,"{'Hab': ['DenH', 'DenD', 'DenF', 'DenA', 'DenA', 'DenF', 'DenF', 'DenA', 'DenE', 'DenC', 'DenH', 'DenH', 'DenB', 'DenC', 'DenG', 'DenB', 'DenD', 'DenC', 'DenG', 'DenD', 'DenB', 'DenE', 'DenE', 'DenG'], 'ISI': ['yellowlightshort.mov'], 'AttenGet': ['AttenGet.mov'], 'Same': ['DenA', 'DenG', 'DenC', 'DenB', 'DenF', 'DenE', 'DenD', 'DenH'], 'Switch': ['RetA', 'RetG', 'RetC', 'RetB', 'RetF', 'RetE', 'RetD', 'RetH']}",1,1,1,AttenGet,2.295462399999451,5.195498099999895,2.900035700000444
1,221,17,1,"{'Hab': ['DenH', 'DenD', 'DenF', 'DenA', 'DenA', 'DenF', 'DenF', 'DenA', 'DenE', 'DenC', 'DenH', 'DenH', 'DenB', 'DenC', 'DenG', 'DenB', 'DenD', 'DenC', 'DenG', 'DenD', 'DenB', 'DenE', 'DenE', 'DenG'], 'ISI': ['yellowlightshort.mov'], 'AttenGet': ['AttenGet.mov'], 'Same': ['DenA', 'DenG', 'DenC', 'DenB', 'DenF', 'DenE', 'DenD', 'DenH'], 'Switch': ['RetA', 'RetG', 'RetC', 'RetB', 'RetF', 'RetE', 'RetD', 'RetH']}",1,0,1,AttenGet,5.195499999999811,5.345470199999909,0.14997020000009798
1,221,17,1,"{'Hab': ['DenH', 'DenD', 'DenF', 'DenA', 'DenA', 'DenF', 'DenF', 'DenA', 'DenE', 'DenC', 'DenH', 'DenH', 'DenB', 'DenC', 'DenG', 'DenB', 'DenD', 'DenC', 'DenG', 'DenD', 'DenB', 'DenE', 'DenE', 'DenG'], 'ISI': ['yellowlightshort.mov'], 'AttenGet': ['AttenGet.mov'], 'Same': ['DenA', 'DenG', 'DenC', 'DenB', 'DenF', 'DenE', 'DenD', 'DenH'], 'Switch': ['RetA', 'RetG', 'RetC', 'RetB', 'RetF', 'RetE', 'RetD', 'RetH']}",1,1,1,AttenGet,5.345468100000289,5.845596499999374,0.5001283999990846
1,221,17,1,"{'Hab': ['DenH', 'DenD', 'DenF', 'DenA', 'DenA', 'DenF', 'DenF', 'DenA', 'DenE', 'DenC', 'DenH', 'DenH', 'DenB', 'DenC', 'DenG', 'DenB', 'DenD', 'DenC', 'DenG', 'DenD', 'DenB', 'DenE', 'DenE', 'DenG'], 'ISI': ['yellowlightshort.mov'], 'AttenGet': ['AttenGet.mov'], 'Same': ['DenA', 'DenG', 'DenC', 'DenB', 'DenF', 'DenE', 'DenD', 'DenH'], 'Switch': ['RetA', 'RetG', 'RetC', 'RetB', 'RetF', 'RetE', 'RetD', 'RetH']}",1,0,1,AttenGet,5.845598500000051,5.945721899999626,0.10012339999957476
1,221,17,1,"{'Hab': ['DenH', 'DenD', 'DenF', 'DenA', 'DenA', 'DenF', 'DenF', 'DenA', 'DenE', 'DenC', 'DenH', 'DenH', 'DenB', 'DenC', 'DenG', 'DenB', 'DenD', 'DenC', 'DenG', 'DenD', 'DenB', 'DenE', 'DenE', 'DenG'], 'ISI': ['yellowlightshort.mov'], 'AttenGet': ['AttenGet.mov'], 'Same': ['DenA', 'DenG', 'DenC', 'DenB', 'DenF', 'DenE', 'DenD', 'DenH'], 'Switch': ['RetA', 'RetG', 'RetC', 'RetB', 'RetF', 'RetE', 'RetD', 'RetH']}",1,1,1,AttenGet,5.945719899998949,6.3121582999992825,0.3664384000003338
1,221,17,1,"{'Hab': ['DenH', 'DenD', 'DenF', 'DenA', 'DenA', 'DenF', 'DenF', 'DenA', 'DenE', 'DenC', 'DenH', 'DenH', 'DenB', 'DenC', 'DenG', 'DenB', 'DenD', 'DenC', 'DenG', 'DenD', 'DenB', 'DenE', 'DenE', 'DenG'], 'ISI': ['yellowlightshort.mov'], 'AttenGet': ['AttenGet.mov'], 'Same': ['DenA', 'DenG', 'DenC', 'DenB', 'DenF', 'DenE', 'DenD', 'DenH'], 'Switch': ['RetA', 'RetG', 'RetC', 'RetB', 'RetF', 'RetE', 'RetD', 'RetH']}",1,0,1,AttenGet,6.3121602999999595,6.462258499999734,0.1500981999997748
1,221,17,1,"{'Hab': ['DenH', 'DenD', 'DenF', 'DenA', 'DenA', 'DenF', 'DenF', 'DenA', 'DenE', 'DenC', 'DenH', 'DenH', 'DenB', 'DenC', 'DenG', 'DenB', 'DenD', 'DenC', 'DenG', 'DenD', 'DenB', 'DenE', 'DenE', 'DenG'], 'ISI': ['yellowlightshort.mov'], 'AttenGet': ['AttenGet.mov'], 'Same': ['DenA', 'DenG', 'DenC', 'DenB', 'DenF', 'DenE', 'DenD', 'DenH'], 'Switch': ['RetA', 'RetG', 'RetC', 'RetB', 'RetF', 'RetE', 'RetD', 'RetH']}",1,1,1,AttenGet,6.462256400000115,7.062296599999172,0.6000401999990572
1,221,17,1,"{'Hab': ['DenH', 'DenD', 'DenF', 'DenA', 'DenA', 'DenF', 'DenF', 'DenA', 'DenE', 'DenC', 'DenH', 'DenH', 'DenB', 'DenC', 'DenG', 'DenB', 'DenD', 'DenC', 'DenG', 'DenD', 'DenB', 'DenE', 'DenE', 'DenG'], 'ISI': ['yellowlightshort.mov'], 'AttenGet': ['AttenGet.mov'], 'Same': ['DenA', 'DenG', 'DenC', 'DenB', 'DenF', 'DenE', 'DenD', 'DenH'], 'Switch': ['RetA', 'RetG', 'RetC', 'RetB', 'RetF', 'RetE', 'RetD', 'RetH']}",1,0,1,AttenGet,7.0622987000006106,7.712332299999616,0.6500335999990057
1,221,17,1,"{'Hab': ['DenH', 'DenD', 'DenF', 'DenA', 'DenA', 'DenF', 'DenF', 'DenA', 'DenE', 'DenC', 'DenH', 'DenH', 'DenB', 'DenC', 'DenG', 'DenB', 'DenD', 'DenC', 'DenG', 'DenD', 'DenB', 'DenE', 'DenE', 'DenG'], 'ISI': ['yellowlightshort.mov'], 'AttenGet': ['AttenGet.mov'], 'Same': ['DenA', 'DenG', 'DenC', 'DenB', 'DenF', 'DenE', 'DenD', 'DenH'], 'Switch': ['RetA', 'RetG', 'RetC', 'RetB', 'RetF', 'RetE', 'RetD', 'RetH']}",1,1,1,AttenGet,7.712330399999701,7.745622000000367,0.03329160000066622
1,221,17,1,"{'Hab': ['DenH', 'DenD', 'DenF', 'DenA', 'DenA', 'DenF', 'DenF', 'DenA', 'DenE', 'DenC', 'DenH', 'DenH', 'DenB', 'DenC', 'DenG', 'DenB', 'DenD', 'DenC', 'DenG', 'DenD', 'DenB', 'DenE', 'DenE', 'DenG'], 'ISI': ['yellowlightshort.mov'], 'AttenGet': ['AttenGet.mov'], 'Same': ['DenA', 'DenG', 'DenC', 'DenB', 'DenF', 'DenE', 'DenD', 'DenH'], 'Switch': ['RetA', 'RetG', 'RetC', 'RetB', 'RetF', 'RetE', 'RetD', 'RetH']}",1,0,1,AttenGet,7.745624099999986,8.212386299999707,0.4667621999997209
1,221,17,1,"{'Hab': ['DenH', 'DenD', 'DenF', 'DenA', 'DenA', 'DenF', 'DenF', 'DenA', 'DenE', 'DenC', 'DenH', 'DenH', 'DenB', 'DenC', 'DenG', 'DenB', 'DenD', 'DenC', 'DenG', 'DenD', 'DenB', 'DenE', 'DenE', 'DenG'], 'ISI': ['yellowlightshort.mov'], 'AttenGet': ['AttenGet.mov'], 'Same': ['DenA', 'DenG', 'DenC', 'DenB', 'DenF', 'DenE', 'DenD', 'DenH'], 'Switch': ['RetA', 'RetG', 'RetC', 'RetB', 'RetF', 'RetE', 'RetD', 'RetH']}",1,1,1,AttenGet,8.21238429999903,8.295813200000339,0.08342890000130865
1,221,17,1,"{'Hab': ['DenH', 'DenD', 'DenF', 'DenA', 'DenA', 'DenF', 'DenF', 'DenA', 'DenE', 'DenC', 'DenH', 'DenH', 'DenB', 'DenC', 'DenG', 'DenB', 'DenD', 'DenC', 'DenG', 'DenD', 'DenB', 'DenE', 'DenE', 'DenG'], 'ISI': ['yellowlightshort.mov'], 'AttenGet': ['AttenGet.mov'], 'Same': ['DenA', 'DenG', 'DenC', 'DenB', 'DenF', 'DenE', 'DenD', 'DenH'], 'Switch': ['RetA', 'RetG', 'RetC', 'RetB', 'RetF', 'RetE', 'RetD', 'RetH']}",1,0,1,AttenGet,8.29581540000072,8.31235150000066,0.016536099999939324
1,221,17,1,"{'Hab': ['DenH', 'DenD', 'DenF', 'DenA', 'DenA', 'DenF', 'DenF', 'DenA', 'DenE', 'DenC', 'DenH', 'DenH', 'DenB', 'DenC', 'DenG', 'DenB', 'DenD', 'DenC', 'DenG', 'DenD', 'DenB', 'DenE', 'DenE', 'DenG'], 'ISI': ['yellowlightshort.mov'], 'AttenGet': ['AttenGet.mov'], 'Same': ['DenA', 'DenG', 'DenC', 'DenB', 'DenF', 'DenE', 'DenD', 'DenH'], 'Switch': ['RetA', 'RetG', 'RetC', 'RetB', 'RetF', 'RetE', 'RetD', 'RetH']}",1,1,1,AttenGet,8.312349499999982,8.329000499999893,0.01665099999991071
1,221,17,1,"{'Hab': ['DenH', 'DenD', 'DenF', 'DenA', 'DenA', 'DenF', 'DenF', 'DenA', 'DenE', 'DenC', 'DenH', 'DenH', 'DenB', 'DenC', 'DenG', 'DenB', 'DenD', 'DenC', 'DenG', 'DenD', 'DenB', 'DenE', 'DenE', 'DenG'], 'ISI': ['yellowlightshort.mov'], 'AttenGet': ['AttenGet.mov'], 'Same': ['DenA', 'DenG', 'DenC', 'DenB', 'DenF', 'DenE', 'DenD', 'DenH'], 'Switch': ['RetA', 'RetG', 'RetC', 'RetB', 'RetF', 'RetE', 'RetD', 'RetH']}",1,0,1,AttenGet,8.32900250000057,8.345687699998962,0.01668519999839191
1,221,17,1,"{'Hab': ['DenH', 'DenD', 'DenF', 'DenA', 'DenA', 'DenF', 'DenF', 'DenA', 'DenE', 'DenC', 'DenH', 'DenH', 'DenB', 'DenC', 'DenG', 'DenB', 'DenD', 'DenC', 'DenG', 'DenD', 'DenB', 'DenE', 'DenE', 'DenG'], 'ISI': ['yellowlightshort.mov'], 'AttenGet': ['AttenGet.mov'], 'Same': ['DenA', 'DenG', 'DenC', 'DenB', 'DenF', 'DenE', 'DenD', 'DenH'], 'Switch': ['RetA', 'RetG', 'RetC', 'RetB', 'RetF', 'RetE', 'RetD', 'RetH']}",1,1,1,AttenGet,8.345684500000061,8.3790055999998,0.03332109999973909
1,221,17,1,"{'Hab': ['DenH', 'DenD', 'DenF', 'DenA', 'DenA', 'DenF', 'DenF', 'DenA', 'DenE', 'DenC', 'DenH', 'DenH', 'DenB', 'DenC', 'DenG', 'DenB', 'DenD', 'DenC', 'DenG', 'DenD', 'DenB', 'DenE', 'DenE', 'DenG'], 'ISI': ['yellowlightshort.mov'], 'AttenGet': ['AttenGet.mov'], 'Same': ['DenA', 'DenG', 'DenC', 'DenB', 'DenF', 'DenE', 'DenD', 'DenH'], 'Switch': ['RetA', 'RetG', 'RetC', 'RetB', 'RetF', 'RetE', 'RetD', 'RetH']}",1,0,1,AttenGet,8.379007600000477,8.462381699999241,0.083374099998764
1,221,17,1,"{'Hab': ['DenH', 'DenD', 'DenF', 'DenA', 'DenA', 'DenF', 'DenF', 'DenA', 'DenE', 'DenC', 'DenH', 'DenH', 'DenB', 'DenC', 'DenG', 'DenB', 'DenD', 'DenC', 'DenG', 'DenD', 'DenB', 'DenE', 'DenE', 'DenG'], 'ISI': ['yellowlightshort.mov'], 'AttenGet': ['AttenGet.mov'], 'Same': ['DenA', 'DenG', 'DenC', 'DenB', 'DenF', 'DenE', 'DenD', 'DenH'], 'Switch': ['RetA', 'RetG', 'RetC', 'RetB', 'RetF', 'RetE', 'RetD', 'RetH']}",1,1,1,AttenGet,8.462379700000383,8.495736400000169,0.03335669999978563
1,221,17,1,"{'Hab': ['DenH', 'DenD', 'DenF', 'DenA', 'DenA', 'DenF', 'DenF', 'DenA', 'DenE', 'DenC', 'DenH', 'DenH', 'DenB', 'DenC', 'DenG', 'DenB', 'DenD', 'DenC', 'DenG', 'DenD', 'DenB', 'DenE', 'DenE', 'DenG'], 'ISI': ['yellowlightshort.mov'], 'AttenGet': ['AttenGet.mov'], 'Same': ['DenA', 'DenG', 'DenC', 'DenB', 'DenF', 'DenE', 'DenD', 'DenH'], 'Switch': ['RetA', 'RetG', 'RetC', 'RetB', 'RetF', 'RetE', 'RetD', 'RetH']}",1,0,1,AttenGet,8.495738399999027,8.895761699999639,0.4000233000006119
1,221,17,1,"{'Hab': ['DenH', 'DenD', 'DenF', 'DenA', 'DenA', 'DenF', 'DenF', 'DenA', 'DenE', 'DenC', 'DenH', 'DenH', 'DenB', 'DenC', 'DenG', 'DenB', 'DenD', 'DenC', 'DenG', 'DenD', 'DenB', 'DenE', 'DenE', 'DenG'], 'ISI': ['yellowlightshort.mov'], 'AttenGet': ['AttenGet.mov'], 'Same': ['DenA', 'DenG', 'DenC', 'DenB', 'DenF', 'DenE', 'DenD', 'DenH'], 'Switch': ['RetA', 'RetG', 'RetC', 'RetB', 'RetF', 'RetE', 'RetD', 'RetH']}",1,1,1,AttenGet,8.895759699998962,8.912312500000553,0.016552800001591095
1,221,17,1,"{'Hab': ['DenH', 'DenD', 'DenF', 'DenA', 'DenA', 'DenF', 'DenF', 'DenA', 'DenE', 'DenC', 'DenH', 'DenH', 'DenB', 'DenC', 'DenG', 'DenB', 'DenD', 'DenC', 'DenG', 'DenD', 'DenB', 'DenE', 'DenE', 'DenG'], 'ISI': ['yellowlightshort.mov'], 'AttenGet': ['AttenGet.mov'], 'Same': ['DenA', 'DenG', 'DenC', 'DenB', 'DenF', 'DenE', 'DenD', 'DenH'], 'Switch': ['RetA', 'RetG', 'RetC', 'RetB', 'RetF', 'RetE', 'RetD', 'RetH']}",1,0,1,AttenGet,8.912314499999411,8.929055500000686,0.016741000001275097
1,221,17,1,"{'Hab': ['DenH', 'DenD', 'DenF', 'DenA', 'DenA', 'DenF', 'DenF', 'DenA', 'DenE', 'DenC', 'DenH', 'DenH', 'DenB', 'DenC', 'DenG', 'DenB', 'DenD', 'DenC', 'DenG', 'DenD', 'DenB', 'DenE', 'DenE', 'DenG'], 'ISI': ['yellowlightshort.mov'], 'AttenGet': ['AttenGet.mov'], 'Same': ['DenA', 'DenG', 'DenC', 'DenB', 'DenF', 'DenE', 'DenD', 'DenH'], 'Switch': ['RetA', 'RetG', 'RetC', 'RetB', 'RetF', 'RetE', 'RetD', 'RetH']}",1,1,1,AttenGet,8.929053599998952,10.945823399999426,2.016769800000475
1,221,17,1,"{'Hab': ['DenH', 'DenD', 'DenF', 'DenA', 'DenA', 'DenF', 'DenF', 'DenA', 'DenE', 'DenC', 'DenH', 'DenH', 'DenB', 'DenC', 'DenG', 'DenB', 'DenD', 'DenC', 'DenG', 'DenD', 'DenB', 'DenE', 'DenE', 'DenG'], 'ISI': ['yellowlightshort.mov'], 'AttenGet': ['AttenGet.mov'], 'Same': ['DenA', 'DenG', 'DenC', 'DenB', 'DenF', 'DenE', 'DenD', 'DenH'], 'Switch': ['RetA', 'RetG', 'RetC', 'RetB', 'RetF', 'RetE', 'RetD', 'RetH']}",1,0,1,AttenGet,10.945825499999046,11.129173600000286,0.1833481000012398
1,221,17,1,"{'Hab': ['DenH', 'DenD', 'DenF', 'DenA', 'DenA', 'DenF', 'DenF', 'DenA', 'DenE', 'DenC', 'DenH', 'DenH', 'DenB', 'DenC', 'DenG', 'DenB', 'DenD', 'DenC', 'DenG', 'DenD', 'DenB', 'DenE', 'DenE', 'DenG'], 'ISI': ['yellowlightshort.mov'], 'AttenGet': ['AttenGet.mov'], 'Same': ['DenA', 'DenG', 'DenC', 'DenB', 'DenF', 'DenE', 'DenD', 'DenH'], 'Switch': ['RetA', 'RetG', 'RetC', 'RetB', 'RetF', 'RetE', 'RetD', 'RetH']}",1,1,1,AttenGet,11.129171500000666,11.42916359999981,0.29999209999914456
1,221,17,1,"{'Hab': ['DenH', 'DenD', 'DenF', 'DenA', 'DenA', 'DenF', 'DenF', 'DenA', 'DenE', 'DenC', 'DenH', 'DenH', 'DenB', 'DenC', 'DenG', 'DenB', 'DenD', 'DenC', 'DenG', 'DenD', 'DenB', 'DenE', 'DenE', 'DenG'], 'ISI': ['yellowlightshort.mov'], 'AttenGet': ['AttenGet.mov'], 'Same': ['DenA', 'DenG', 'DenC', 'DenB', 'DenF', 'DenE', 'DenD', 'DenH'], 'Switch': ['RetA', 'RetG', 'RetC', 'RetB', 'RetF', 'RetE', 'RetD', 'RetH']}",1,0,1,AttenGet,11.429165800000192,11.612488400000075,0.1833225999998831
1,221,17,1,"{'Hab': ['DenH', 'DenD', 'DenF', 'DenA', 'DenA', 'DenF', 'DenF', 'DenA', 'DenE', 'DenC', 'DenH', 'DenH', 'DenB', 'DenC', 'DenG', 'DenB', 'DenD', 'DenC', 'DenG', 'DenD', 'DenB', 'DenE', 'DenE', 'DenG'], 'ISI': ['yellowlightshort.mov'], 'AttenGet': ['AttenGet.mov'], 'Same': ['DenA', 'DenG', 'DenC', 'DenB', 'DenF', 'DenE', 'DenD', 'DenH'], 'Switch': ['RetA', 'RetG', 'RetC', 'RetB', 'RetF', 'RetE', 'RetD', 'RetH']}",1,1,1,AttenGet,11.612486399999398,12.012483299999076,0.39999689999967813
1,221,17,1,"{'Hab': ['DenH', 'DenD', 'DenF', 'DenA', 'DenA', 'DenF', 'DenF', 'DenA', 'DenE', 'DenC', 'DenH', 'DenH', 'DenB', 'DenC', 'DenG', 'DenB', 'DenD', 'DenC', 'DenG', 'DenD', 'DenB', 'DenE', 'DenE', 'DenG'], 'ISI': ['yellowlightshort.mov'], 'AttenGet': ['AttenGet.mov'], 'Same': ['DenA', 'DenG', 'DenC', 'DenB', 'DenF', 'DenE', 'DenD', 'DenH'], 'Switch': ['RetA', 'RetG', 'RetC', 'RetB', 'RetF', 'RetE', 'RetD', 'RetH']}",1,1,2,Hab,0,0.07743779999873368,0.07743779999873368
1,221,17,1,"{'Hab': ['DenH', 'DenD', 'DenF', 'DenA', 'DenA', 'DenF', 'DenF', 'DenA', 'DenE', 'DenC', 'DenH', 'DenH', 'DenB', 'DenC', 'DenG', 'DenB', 'DenD', 'DenC', 'DenG', 'DenD', 'DenB', 'DenE', 'DenE', 'DenG'], 'ISI': ['yellowlightshort.mov'], 'AttenGet': ['AttenGet.mov'], 'Same': ['DenA', 'DenG', 'DenC', 'DenB', 'DenF', 'DenE', 'DenD', 'DenH'], 'Switch': ['RetA', 'RetG', 'RetC', 'RetB', 'RetF', 'RetE', 'RetD', 'RetH']}",1,0,2,Hab,0.0774399000001722,0.11079729999983101,0.03335739999965881
1,221,17,1,"{'Hab': ['DenH', 'DenD', 'DenF', 'DenA', 'DenA', 'DenF', 'DenF', 'DenA', 'DenE', 'DenC', 'DenH', 'DenH', 'DenB', 'DenC', 'DenG', 'DenB', 'DenD', 'DenC', 'DenG', 'DenD', 'DenB', 'DenE', 'DenE', 'DenG'], 'ISI': ['yellowlightshort.mov'], 'AttenGet': ['AttenGet.mov'], 'Same': ['DenA', 'DenG', 'DenC', 'DenB', 'DenF', 'DenE', 'DenD', 'DenH'], 'Switch': ['RetA', 'RetG', 'RetC', 'RetB', 'RetF', 'RetE', 'RetD', 'RetH']}",1,1,2,Hab,0.11079539999991539,0.12743640000007872,0.01664100000016333
1,221,17,1,"{'Hab': ['DenH', 'DenD', 'DenF', 'DenA', 'DenA', 'DenF', 'DenF', 'DenA', 'DenE', 'DenC', 'DenH', 'DenH', 'DenB', 'DenC', 'DenG', 'DenB', 'DenD', 'DenC', 'DenG', 'DenD', 'DenB', 'DenE', 'DenE', 'DenG'], 'ISI': ['yellowlightshort.mov'], 'AttenGet': ['AttenGet.mov'], 'Same': ['DenA', 'DenG', 'DenC', 'DenB', 'DenF', 'DenE', 'DenD', 'DenH'], 'Switch': ['RetA', 'RetG', 'RetC', 'RetB', 'RetF', 'RetE', 'RetD', 'RetH']}",1,0,2,Hab,0.12743829999999434,0.3107782999995834,0.18333999999958905
1,221,17,1,"{'Hab': ['DenH', 'DenD', 'DenF', 'DenA', 'DenA', 'DenF', 'DenF', 'DenA', 'DenE', 'DenC', 'DenH', 'DenH', 'DenB', 'DenC', 'DenG', 'DenB', 'DenD', 'DenC', 'DenG', 'DenD', 'DenB', 'DenE', 'DenE', 'DenG'], 'ISI': ['yellowlightshort.mov'], 'AttenGet': ['AttenGet.mov'], 'Same': ['DenA', 'DenG', 'DenC', 'DenB', 'DenF', 'DenE', 'DenD', 'DenH'], 'Switch': ['RetA', 'RetG', 'RetC', 'RetB', 'RetF', 'RetE', 'RetD', 'RetH']}",1,1,2,Hab,0.3107762999989063,0.34412349999911385,0.03334720000020752
1,221,17,1,"{'Hab': ['DenH', 'DenD', 'DenF', 'DenA', 'DenA', 'DenF', 'DenF', 'DenA', 'DenE', 'DenC', 'DenH', 'DenH', 'DenB', 'DenC', 'DenG', 'DenB', 'DenD', 'DenC', 'DenG', 'DenD', 'DenB', 'DenE', 'DenE', 'DenG'], 'ISI': ['yellowlightshort.mov'], 'AttenGet': ['AttenGet.mov'], 'Same': ['DenA', 'DenG', 'DenC', 'DenB', 'DenF', 'DenE', 'DenD', 'DenH'], 'Switch': ['RetA', 'RetG', 'RetC', 'RetB', 'RetF', 'RetE', 'RetD', 'RetH']}",1,0,2,Hab,0.34412539999902947,0.47752029999901424,0.13339489999998477
1,221,17,1,"{'Hab': ['DenH', 'DenD', 'DenF', 'DenA', 'DenA', 'DenF', 'DenF', 'DenA', 'DenE', 'DenC', 'DenH', 'DenH', 'DenB', 'DenC', 'DenG', 'DenB', 'DenD', 'DenC', 'DenG', 'DenD', 'DenB', 'DenE', 'DenE', 'DenG'], 'ISI': ['yellowlightshort.mov'], 'AttenGet': ['AttenGet.mov'], 'Same': ['DenA', 'DenG', 'DenC', 'DenB', 'DenF', 'DenE', 'DenD', 'DenH'], 'Switch': ['RetA', 'RetG', 'RetC', 'RetB', 'RetF', 'RetE', 'RetD', 'RetH']}",1,1,2,Hab,0.4775181999993947,1.0109173999990162,0.5333991999996215
1,221,17,1,"{'Hab': ['DenH', 'DenD', 'DenF', 'DenA', 'DenA', 'DenF', 'DenF', 'DenA', 'DenE', 'DenC', 'DenH', 'DenH', 'DenB', 'DenC', 'DenG', 'DenB', 'DenD', 'DenC', 'DenG', 'DenD', 'DenB', 'DenE', 'DenE', 'DenG'], 'ISI': ['yellowlightshort.mov'], 'AttenGet': ['AttenGet.mov'], 'Same': ['DenA', 'DenG', 'DenC', 'DenB', 'DenF', 'DenE', 'DenD', 'DenH'], 'Switch': ['RetA', 'RetG', 'RetC', 'RetB', 'RetF', 'RetE', 'RetD', 'RetH']}",1,1,3,Hab,0,1.0106307000005472,1.0106307000005472
1,221,17,1,"{'Hab': ['DenH', 'DenD', 'DenF', 'DenA', 'DenA', 'DenF', 'DenF', 'DenA', 'DenE', 'DenC', 'DenH', 'DenH', 'DenB', 'DenC', 'DenG', 'DenB', 'DenD', 'DenC', 'DenG', 'DenD', 'DenB', 'DenE', 'DenE', 'DenG'], 'ISI': ['yellowlightshort.mov'], 'AttenGet': ['AttenGet.mov'], 'Same': ['DenA', 'DenG', 'DenC', 'DenB', 'DenF', 'DenE', 'DenD', 'DenH'], 'Switch': ['RetA', 'RetG', 'RetC', 'RetB', 'RetF', 'RetE', 'RetD', 'RetH']}",1,1,4,Hab,0,0.8441032999999152,0.8441032999999152
1,221,17,1,"{'Hab': ['DenH', 'DenD', 'DenF', 'DenA', 'DenA', 'DenF', 'DenF', 'DenA', 'DenE', 'DenC', 'DenH', 'DenH', 'DenB', 'DenC', 'DenG', 'DenB', 'DenD', 'DenC', 'DenG', 'DenD', 'DenB', 'DenE', 'DenE', 'DenG'], 'ISI': ['yellowlightshort.mov'], 'AttenGet': ['AttenGet.mov'], 'Same': ['DenA', 'DenG', 'DenC', 'DenB', 'DenF', 'DenE', 'DenD', 'DenH'], 'Switch': ['RetA', 'RetG', 'RetC', 'RetB', 'RetF', 'RetE', 'RetD', 'RetH']}",1,0,4,Hab,0.8441053999995347,1.0108634999996866,0.1667581000001519
1,221,17,1,"{'Hab': ['DenH', 'DenD', 'DenF', 'DenA', 'DenA', 'DenF', 'DenF', 'DenA', 'DenE', 'DenC', 'DenH', 'DenH', 'DenB', 'DenC', 'DenG', 'DenB', 'DenD', 'DenC', 'DenG', 'DenD', 'DenB', 'DenE', 'DenE', 'DenG'], 'ISI': ['yellowlightshort.mov'], 'AttenGet': ['AttenGet.mov'], 'Same': ['DenA', 'DenG', 'DenC', 'DenB', 'DenF', 'DenE', 'DenD', 'DenH'], 'Switch': ['RetA', 'RetG', 'RetC', 'RetB', 'RetF', 'RetE', 'RetD', 'RetH']}",1,0,5,Hab,0,0.02753590000065742,0.02753590000065742
1,221,17,1,"{'Hab': ['DenH', 'DenD', 'DenF', 'DenA', 'DenA', 'DenF', 'DenF', 'DenA', 'DenE', 'DenC', 'DenH', 'DenH', 'DenB', 'DenC', 'DenG', 'DenB', 'DenD', 'DenC', 'DenG', 'DenD', 'DenB', 'DenE', 'DenE', 'DenG'], 'ISI': ['yellowlightshort.mov'], 'AttenGet': ['AttenGet.mov'], 'Same': ['DenA', 'DenG', 'DenC', 'DenB', 'DenF', 'DenE', 'DenD', 'DenH'], 'Switch': ['RetA', 'RetG', 'RetC', 'RetB', 'RetF', 'RetE', 'RetD', 'RetH']}",1,1,5,Hab,0.02753409999968426,0.043955600000117556,0.016421500000433298
1,221,17,1,"{'Hab': ['DenH', 'DenD', 'DenF', 'DenA', 'DenA', 'DenF', 'DenF', 'DenA', 'DenE', 'DenC', 'DenH', 'DenH', 'DenB', 'DenC', 'DenG', 'DenB', 'DenD', 'DenC', 'DenG', 'DenD', 'DenB', 'DenE', 'DenE', 'DenG'], 'ISI': ['yellowlightshort.mov'], 'AttenGet': ['AttenGet.mov'], 'Same': ['DenA', 'DenG', 'DenC', 'DenB', 'DenF', 'DenE', 'DenD', 'DenH'], 'Switch': ['RetA', 'RetG', 'RetC', 'RetB', 'RetF', 'RetE', 'RetD', 'RetH']}",1,0,5,Hab,0.04395750000003318,0.47751179999977467,0.4335542999997415
1,221,17,1,"{'Hab': ['DenH', 'DenD', 'DenF', 'DenA', 'DenA', 'DenF', 'DenF', 'DenA', 'DenE', 'DenC', 'DenH', 'DenH', 'DenB', 'DenC', 'DenG', 'DenB', 'DenD', 'DenC', 'DenG', 'DenD', 'DenB', 'DenE', 'DenE', 'DenG'], 'ISI': ['yellowlightshort.mov'], 'AttenGet': ['AttenGet.mov'], 'Same': ['DenA', 'DenG', 'DenC', 'DenB', 'DenF', 'DenE', 'DenD', 'DenH'], 'Switch': ['RetA', 'RetG', 'RetC', 'RetB', 'RetF', 'RetE', 'RetD', 'RetH']}",1,1,5,Hab,0.4775098000009166,0.49412800000027346,0.016618199999356875
1,221,17,1,"{'Hab': ['DenH', 'DenD', 'DenF', 'DenA', 'DenA', 'DenF', 'DenF', 'DenA', 'DenE', 'DenC', 'DenH', 'DenH', 'DenB', 'DenC', 'DenG', 'DenB', 'DenD', 'DenC', 'DenG', 'DenD', 'DenB', 'DenE', 'DenE', 'DenG'], 'ISI': ['yellowlightshort.mov'], 'AttenGet': ['AttenGet.mov'], 'Same': ['DenA', 'DenG', 'DenC', 'DenB', 'DenF', 'DenE', 'DenD', 'DenH'], 'Switch': ['RetA', 'RetG', 'RetC', 'RetB', 'RetF', 'RetE', 'RetD', 'RetH']}",1,0,5,Hab,0.49413000000095053,0.6274800000010146,0.13335000000006403
1,221,17,1,"{'Hab': ['DenH', 'DenD', 'DenF', 'DenA', 'DenA', 'DenF', 'DenF', 'DenA', 'DenE', 'DenC', 'DenH', 'DenH', 'DenB', 'DenC', 'DenG', 'DenB', 'DenD', 'DenC', 'DenG', 'DenD', 'DenB', 'DenE', 'DenE', 'DenG'], 'ISI': ['yellowlightshort.mov'], 'AttenGet': ['AttenGet.mov'], 'Same': ['DenA', 'DenG', 'DenC', 'DenB', 'DenF', 'DenE', 'DenD', 'DenH'], 'Switch': ['RetA', 'RetG', 'RetC', 'RetB', 'RetF', 'RetE', 'RetD', 'RetH']}",1,1,5,Hab,0.6274781000010989,0.644047199999477,0.01656909999837808
1,221,17,1,"{'Hab': ['DenH', 'DenD', 'DenF', 'DenA', 'DenA', 'DenF', 'DenF', 'DenA', 'DenE', 'DenC', 'DenH', 'DenH', 'DenB', 'DenC', 'DenG', 'DenB', 'DenD', 'DenC', 'DenG', 'DenD', 'DenB', 'DenE', 'DenE', 'DenG'], 'ISI': ['yellowlightshort.mov'], 'AttenGet': ['AttenGet.mov'], 'Same': ['DenA', 'DenG', 'DenC', 'DenB', 'DenF', 'DenE', 'DenD', 'DenH'], 'Switch': ['RetA', 'RetG', 'RetC', 'RetB', 'RetF', 'RetE', 'RetD', 'RetH']}",1,0,5,Hab,0.6440490999993926,0.6773867000010796,0.03333760000168695
1,221,17,1,"{'Hab': ['DenH', 'DenD', 'DenF', 'DenA', 'DenA', 'DenF', 'DenF', 'DenA', 'DenE', 'DenC', 'DenH', 'DenH', 'DenB', 'DenC', 'DenG', 'DenB', 'DenD', 'DenC', 'DenG', 'DenD', 'DenB', 'DenE', 'DenE', 'DenG'], 'ISI': ['yellowlightshort.mov'], 'AttenGet': ['AttenGet.mov'], 'Same': ['DenA', 'DenG', 'DenC', 'DenB', 'DenF', 'DenE', 'DenD', 'DenH'], 'Switch': ['RetA', 'RetG', 'RetC', 'RetB', 'RetF', 'RetE', 'RetD', 'RetH']}",1,1,5,Hab,0.6773847000004025,1.0109623999996984,0.3335776999992959
1,221,17,1,"{'Hab': ['DenH', 'DenD', 'DenF', 'DenA', 'DenA', 'DenF', 'DenF', 'DenA', 'DenE', 'DenC', 'DenH', 'DenH', 'DenB', 'DenC', 'DenG', 'DenB', 'DenD', 'DenC', 'DenG', 'DenD', 'DenB', 'DenE', 'DenE', 'DenG'], 'ISI': ['yellowlightshort.mov'], 'AttenGet': ['AttenGet.mov'], 'Same': ['DenA', 'DenG', 'DenC', 'DenB', 'DenF', 'DenE', 'DenD', 'DenH'], 'Switch': ['RetA', 'RetG', 'RetC', 'RetB', 'RetF', 'RetE', 'RetD', 'RetH']}",1,1,6,Hab,0,1.0105084000006173,1.0105084000006173
1,221,17,1,"{'Hab': ['DenH', 'DenD', 'DenF', 'DenA', 'DenA', 'DenF', 'DenF', 'DenA', 'DenE', 'DenC', 'DenH', 'DenH', 'DenB', 'DenC', 'DenG', 'DenB', 'DenD', 'DenC', 'DenG', 'DenD', 'DenB', 'DenE', 'DenE', 'DenG'], 'ISI': ['yellowlightshort.mov'], 'AttenGet': ['AttenGet.mov'], 'Same': ['DenA', 'DenG', 'DenC', 'DenB', 'DenF', 'DenE', 'DenD', 'DenH'], 'Switch': ['RetA', 'RetG', 'RetC', 'RetB', 'RetF', 'RetE', 'RetD', 'RetH']}",1,1,7,Hab,0,0.6884250000002794,0.6884250000002794
1,221,17,1,"{'Hab': ['DenH', 'DenD', 'DenF', 'DenA', 'DenA', 'DenF', 'DenF', 'DenA', 'DenE', 'DenC', 'DenH', 'DenH', 'DenB', 'DenC', 'DenG', 'DenB', 'DenD', 'DenC', 'DenG', 'DenD', 'DenB', 'DenE', 'DenE', 'DenG'], 'ISI': ['yellowlightshort.mov'], 'AttenGet': ['AttenGet.mov'], 'Same': ['DenA', 'DenG', 'DenC', 'DenB', 'DenF', 'DenE', 'DenD', 'DenH'], 'Switch': ['RetA', 'RetG', 'RetC', 'RetB', 'RetF', 'RetE', 'RetD', 'RetH']}",1,0,7,Hab,0.6884272000006604,0.8552184000000125,0.1667911999993521
1,221,17,1,"{'Hab': ['DenH', 'DenD', 'DenF', 'DenA', 'DenA', 'DenF', 'DenF', 'DenA', 'DenE', 'DenC', 'DenH', 'DenH', 'DenB', 'DenC', 'DenG', 'DenB', 'DenD', 'DenC', 'DenG', 'DenD', 'DenB', 'DenE', 'DenE', 'DenG'], 'ISI': ['yellowlightshort.mov'], 'AttenGet': ['AttenGet.mov'], 'Same': ['DenA', 'DenG', 'DenC', 'DenB', 'DenF', 'DenE', 'DenD', 'DenH'], 'Switch': ['RetA', 'RetG', 'RetC', 'RetB', 'RetF', 'RetE', 'RetD', 'RetH']}",1,1,7,Hab,0.8552165000000969,0.8718256000011024,0.016609100001005572
1,221,17,1,"{'Hab': ['DenH', 'DenD', 'DenF', 'DenA', 'DenA', 'DenF', 'DenF', 'DenA', 'DenE', 'DenC', 'DenH', 'DenH', 'DenB', 'DenC', 'DenG', 'DenB', 'DenD', 'DenC', 'DenG', 'DenD', 'DenB', 'DenE', 'DenE', 'DenG'], 'ISI': ['yellowlightshort.mov'], 'AttenGet': ['AttenGet.mov'], 'Same': ['DenA', 'DenG', 'DenC', 'DenB', 'DenF', 'DenE', 'DenD', 'DenH'], 'Switch': ['RetA', 'RetG', 'RetC', 'RetB', 'RetF', 'RetE', 'RetD', 'RetH']}",1,0,7,Hab,0.8718275999999605,1.0052580999999918,0.13343050000003132
1,221,17,1,"{'Hab': ['DenH', 'DenD', 'DenF', 'DenA', 'DenA', 'DenF', 'DenF', 'DenA', 'DenE', 'DenC', 'DenH', 'DenH', 'DenB', 'DenC', 'DenG', 'DenB', 'DenD', 'DenC', 'DenG', 'DenD', 'DenB', 'DenE', 'DenE', 'DenG'], 'ISI': ['yellowlightshort.mov'], 'AttenGet': ['AttenGet.mov'], 'Same': ['DenA', 'DenG', 'DenC', 'DenB', 'DenF', 'DenE', 'DenD', 'DenH'], 'Switch': ['RetA', 'RetG', 'RetC', 'RetB', 'RetF', 'RetE', 'RetD', 'RetH']}",1,0,8,Hab,0,0.02741269999933138,0.02741269999933138
1,221,17,1,"{'Hab': ['DenH', 'DenD', 'DenF', 'DenA', 'DenA', 'DenF', 'DenF', 'DenA', 'DenE', 'DenC', 'DenH', 'DenH', 'DenB', 'DenC', 'DenG', 'DenB', 'DenD', 'DenC', 'DenG', 'DenD', 'DenB', 'DenE', 'DenE', 'DenG'], 'ISI': ['yellowlightshort.mov'], 'AttenGet': ['AttenGet.mov'], 'Same': ['DenA', 'DenG', 'DenC', 'DenB', 'DenF', 'DenE', 'DenD', 'DenH'], 'Switch': ['RetA', 'RetG', 'RetC', 'RetB', 'RetF', 'RetE', 'RetD', 'RetH']}",1,1,8,Hab,0.027410799999415758,0.7607781999995495,0.7333674000001338
1,221,17,1,"{'Hab': ['DenH', 'DenD', 'DenF', 'DenA', 'DenA', 'DenF', 'DenF', 'DenA', 'DenE', 'DenC', 'DenH', 'DenH', 'DenB', 'DenC', 'DenG', 'DenB', 'DenD', 'DenC', 'DenG', 'DenD', 'DenB', 'DenE', 'DenE', 'DenG'], 'ISI': ['yellowlightshort.mov'], 'AttenGet': ['AttenGet.mov'], 'Same': ['DenA', 'DenG', 'DenC', 'DenB', 'DenF', 'DenE', 'DenD', 'DenH'], 'Switch': ['RetA', 'RetG', 'RetC', 'RetB', 'RetF', 'RetE', 'RetD', 'RetH']}",1,0,8,Hab,0.7607800999994652,0.860765999999785,0.09998590000031982
1,221,17,1,"{'Hab': ['DenH', 'DenD', 'DenF', 'DenA', 'DenA', 'DenF', 'DenF', 'DenA', 'DenE', 'DenC', 'DenH', 'DenH', 'DenB', 'DenC', 'DenG', 'DenB', 'DenD', 'DenC', 'DenG', 'DenD', 'DenB', 'DenE', 'DenE', 'DenG'], 'ISI': ['yellowlightshort.mov'], 'AttenGet': ['AttenGet.mov'], 'Same': ['DenA', 'DenG', 'DenC', 'DenB', 'DenF', 'DenE', 'DenD', 'DenH'], 'Switch': ['RetA', 'RetG', 'RetC', 'RetB', 'RetF', 'RetE', 'RetD', 'RetH']}",1,1,8,Hab,0.8607640999998694,0.8774284999999509,0.016664400000081514
1,221,17,1,"{'Hab': ['DenH', 'DenD', 'DenF', 'DenA', 'DenA', 'DenF', 'DenF', 'DenA', 'DenE', 'DenC', 'DenH', 'DenH', 'DenB', 'DenC', 'DenG', 'DenB', 'DenD', 'DenC', 'DenG', 'DenD', 'DenB', 'DenE', 'DenE', 'DenG'], 'ISI': ['yellowlightshort.mov'], 'AttenGet': ['AttenGet.mov'], 'Same': ['DenA', 'DenG', 'DenC', 'DenB', 'DenF', 'DenE', 'DenD', 'DenH'], 'Switch': ['RetA', 'RetG', 'RetC', 'RetB', 'RetF', 'RetE', 'RetD', 'RetH']}",1,0,8,Hab,0.8774305999995704,0.894093699998848,0.01666309999927762
1,221,17,1,"{'Hab': ['DenH', 'DenD', 'DenF', 'DenA', 'DenA', 'DenF', 'DenF', 'DenA', 'DenE', 'DenC', 'DenH', 'DenH', 'DenB', 'DenC', 'DenG', 'DenB', 'DenD', 'DenC', 'DenG', 'DenD', 'DenB', 'DenE', 'DenE', 'DenG'], 'ISI': ['yellowlightshort.mov'], 'AttenGet': ['AttenGet.mov'], 'Same': ['DenA', 'DenG', 'DenC', 'DenB', 'DenF', 'DenE', 'DenD', 'DenH'], 'Switch': ['RetA', 'RetG', 'RetC', 'RetB', 'RetF', 'RetE', 'RetD', 'RetH']}",1,1,8,Hab,0.8940916999999899,1.0107637000000977,0.1166720000001078
1,221,17,1,"{'Hab': ['DenH', 'DenD', 'DenF', 'DenA', 'DenA', 'DenF', 'DenF', 'DenA', 'DenE', 'DenC', 'DenH', 'DenH', 'DenB', 'DenC', 'DenG', 'DenB', 'DenD', 'DenC', 'DenG', 'DenD', 'DenB', 'DenE', 'DenE', 'DenG'], 'ISI': ['yellowlightshort.mov'], 'AttenGet': ['AttenGet.mov'], 'Same': ['DenA', 'DenG', 'DenC', 'DenB', 'DenF', 'DenE', 'DenD', 'DenH'], 'Switch': ['RetA', 'RetG', 'RetC', 'RetB', 'RetF', 'RetE', 'RetD', 'RetH']}",1,1,9,Hab,0,0.8064902000005532,0.8064902000005532
1,221,17,1,"{'Hab': ['DenH', 'DenD', 'DenF', 'DenA', 'DenA', 'DenF', 'DenF', 'DenA', 'DenE', 'DenC', 'DenH', 'DenH', 'DenB', 'DenC', 'DenG', 'DenB', 'DenD', 'DenC', 'DenG', 'DenD', 'DenB', 'DenE', 'DenE', 'DenG'], 'ISI': ['yellowlightshort.mov'], 'AttenGet': ['AttenGet.mov'], 'Same': ['DenA', 'DenG', 'DenC', 'DenB', 'DenF', 'DenE', 'DenD', 'DenH'], 'Switch': ['RetA', 'RetG', 'RetC', 'RetB', 'RetF', 'RetE', 'RetD', 'RetH']}",1,0,9,Hab,0.8064923000001727,0.9899015999999392,0.18340929999976652
1,221,17,1,"{'Hab': ['DenH', 'DenD', 'DenF', 'DenA', 'DenA', 'DenF', 'DenF', 'DenA', 'DenE', 'DenC', 'DenH', 'DenH', 'DenB', 'DenC', 'DenG', 'DenB', 'DenD', 'DenC', 'DenG', 'DenD', 'DenB', 'DenE', 'DenE', 'DenG'], 'ISI': ['yellowlightshort.mov'], 'AttenGet': ['AttenGet.mov'], 'Same': ['DenA', 'DenG', 'DenC', 'DenB', 'DenF', 'DenE', 'DenD', 'DenH'], 'Switch': ['RetA', 'RetG', 'RetC', 'RetB', 'RetF', 'RetE', 'RetD', 'RetH']}",1,1,9,Hab,0.9898996000010811,1.0064935999998852,0.016593999998804065
1,221,17,1,"{'Hab': ['DenH', 'DenD', 'DenF', 'DenA', 'DenA', 'DenF', 'DenF', 'DenA', 'DenE', 'DenC', 'DenH', 'DenH', 'DenB', 'DenC', 'DenG', 'DenB', 'DenD', 'DenC', 'DenG', 'DenD', 'DenB', 'DenE', 'DenE', 'DenG'], 'ISI': ['yellowlightshort.mov'], 'AttenGet': ['AttenGet.mov'], 'Same': ['DenA', 'DenG', 'DenC', 'DenB', 'DenF', 'DenE', 'DenD', 'DenH'], 'Switch': ['RetA', 'RetG', 'RetC', 'RetB', 'RetF', 'RetE', 'RetD', 'RetH']}",1,1,10,Hab,0,0.9287349000005634,0.9287349000005634
1,221,17,1,"{'Hab': ['DenH', 'DenD', 'DenF', 'DenA', 'DenA', 'DenF', 'DenF', 'DenA', 'DenE', 'DenC', 'DenH', 'DenH', 'DenB', 'DenC', 'DenG', 'DenB', 'DenD', 'DenC', 'DenG', 'DenD', 'DenB', 'DenE', 'DenE', 'DenG'], 'ISI': ['yellowlightshort.mov'], 'AttenGet': ['AttenGet.mov'], 'Same': ['DenA', 'DenG', 'DenC', 'DenB', 'DenF', 'DenE', 'DenD', 'DenH'], 'Switch': ['RetA', 'RetG', 'RetC', 'RetB', 'RetF', 'RetE', 'RetD', 'RetH']}",1,0,10,Hab,0.9287391000016214,1.0116367000009632,0.08289759999934176
1,221,17,1,"{'Hab': ['DenH', 'DenD', 'DenF', 'DenA', 'DenA', 'DenF', 'DenF', 'DenA', 'DenE', 'DenC', 'DenH', 'DenH', 'DenB', 'DenC', 'DenG', 'DenB', 'DenD', 'DenC', 'DenG', 'DenD', 'DenB', 'DenE', 'DenE', 'DenG'], 'ISI': ['yellowlightshort.mov'], 'AttenGet': ['AttenGet.mov'], 'Same': ['DenA', 'DenG', 'DenC', 'DenB', 'DenF', 'DenE', 'DenD', 'DenH'], 'Switch': ['RetA', 'RetG', 'RetC', 'RetB', 'RetF', 'RetE', 'RetD', 'RetH']}",1,0,11,Hab,0,0.17838210000081745,0.17838210000081745
1,221,17,1,"{'Hab': ['DenH', 'DenD', 'DenF', 'DenA', 'DenA', 'DenF', 'DenF', 'DenA', 'DenE', 'DenC', 'DenH', 'DenH', 'DenB', 'DenC', 'DenG', 'DenB', 'DenD', 'DenC', 'DenG', 'DenD', 'DenB', 'DenE', 'DenE', 'DenG'], 'ISI': ['yellowlightshort.mov'], 'AttenGet': ['AttenGet.mov'], 'Same': ['DenA', 'DenG', 'DenC', 'DenB', 'DenF', 'DenE', 'DenD', 'DenH'], 'Switch': ['RetA', 'RetG', 'RetC', 'RetB', 'RetF', 'RetE', 'RetD', 'RetH']}",1,1,11,Hab,0.17837970000073256,0.19488780000028783,0.01650809999955527
1,221,17,1,"{'Hab': ['DenH', 'DenD', 'DenF', 'DenA', 'DenA', 'DenF', 'DenF', 'DenA', 'DenE', 'DenC', 'DenH', 'DenH', 'DenB', 'DenC', 'DenG', 'DenB', 'DenD', 'DenC', 'DenG', 'DenD', 'DenB', 'DenE', 'DenE', 'DenG'], 'ISI': ['yellowlightshort.mov'], 'AttenGet': ['AttenGet.mov'], 'Same': ['DenA', 'DenG', 'DenC', 'DenB', 'DenF', 'DenE', 'DenD', 'DenH'], 'Switch': ['RetA', 'RetG', 'RetC', 'RetB', 'RetF', 'RetE', 'RetD', 'RetH']}",1,0,11,Hab,0.1948898000009649,0.21164890000000014,0.016759099999035243
1,221,17,1,"{'Hab': ['DenH', 'DenD', 'DenF', 'DenA', 'DenA', 'DenF', 'DenF', 'DenA', 'DenE', 'DenC', 'DenH', 'DenH', 'DenB', 'DenC', 'DenG', 'DenB', 'DenD', 'DenC', 'DenG', 'DenD', 'DenB', 'DenE', 'DenE', 'DenG'], 'ISI': ['yellowlightshort.mov'], 'AttenGet': ['AttenGet.mov'], 'Same': ['DenA', 'DenG', 'DenC', 'DenB', 'DenF', 'DenE', 'DenD', 'DenH'], 'Switch': ['RetA', 'RetG', 'RetC', 'RetB', 'RetF', 'RetE', 'RetD', 'RetH']}",1,1,11,Hab,0.21164700000008452,0.7786019000013766,0.5669549000012921
1,221,17,1,"{'Hab': ['DenH', 'DenD', 'DenF', 'DenA', 'DenA', 'DenF', 'DenF', 'DenA', 'DenE', 'DenC', 'DenH', 'DenH', 'DenB', 'DenC', 'DenG', 'DenB', 'DenD', 'DenC', 'DenG', 'DenD', 'DenB', 'DenE', 'DenE', 'DenG'], 'ISI': ['yellowlightshort.mov'], 'AttenGet': ['AttenGet.mov'], 'Same': ['DenA', 'DenG', 'DenC', 'DenB', 'DenF', 'DenE', 'DenD', 'DenH'], 'Switch': ['RetA', 'RetG', 'RetC', 'RetB', 'RetF', 'RetE', 'RetD', 'RetH']}",1,0,11,Hab,0.7786057000012079,0.8954297000000224,0.11682399999881454
1,221,17,1,"{'Hab': ['DenH', 'DenD', 'DenF', 'DenA', 'DenA', 'DenF', 'DenF', 'DenA', 'DenE', 'DenC', 'DenH', 'DenH', 'DenB', 'DenC', 'DenG', 'DenB', 'DenD', 'DenC', 'DenG', 'DenD', 'DenB', 'DenE', 'DenE', 'DenG'], 'ISI': ['yellowlightshort.mov'], 'AttenGet': ['AttenGet.mov'], 'Same': ['DenA', 'DenG', 'DenC', 'DenB', 'DenF', 'DenE', 'DenD', 'DenH'], 'Switch': ['RetA', 'RetG', 'RetC', 'RetB', 'RetF', 'RetE', 'RetD', 'RetH']}",1,1,11,Hab,0.8954257000004873,0.911731600001076,0.016305900000588736
1,221,17,1,"{'Hab': ['DenH', 'DenD', 'DenF', 'DenA', 'DenA', 'DenF', 'DenF', 'DenA', 'DenE', 'DenC', 'DenH', 'DenH', 'DenB', 'DenC', 'DenG', 'DenB', 'DenD', 'DenC', 'DenG', 'DenD', 'DenB', 'DenE', 'DenE', 'DenG'], 'ISI': ['yellowlightshort.mov'], 'AttenGet': ['AttenGet.mov'], 'Same': ['DenA', 'DenG', 'DenC', 'DenB', 'DenF', 'DenE', 'DenD', 'DenH'], 'Switch': ['RetA', 'RetG', 'RetC', 'RetB', 'RetF', 'RetE', 'RetD', 'RetH']}",1,0,11,Hab,0.9117340000011609,1.011653200001092,0.09991919999993115
1,221,17,1,"{'Hab': ['DenH', 'DenD', 'DenF', 'DenA', 'DenA', 'DenF', 'DenF', 'DenA', 'DenE', 'DenC', 'DenH', 'DenH', 'DenB', 'DenC', 'DenG', 'DenB', 'DenD', 'DenC', 'DenG', 'DenD', 'DenB', 'DenE', 'DenE', 'DenG'], 'ISI': ['yellowlightshort.mov'], 'AttenGet': ['AttenGet.mov'], 'Same': ['DenA', 'DenG', 'DenC', 'DenB', 'DenF', 'DenE', 'DenD', 'DenH'], 'Switch': ['RetA', 'RetG', 'RetC', 'RetB', 'RetF', 'RetE', 'RetD', 'RetH']}",1,0,12,Hab,0,0.07849810000152502,0.07849810000152502
1,221,17,1,"{'Hab': ['DenH', 'DenD', 'DenF', 'DenA', 'DenA', 'DenF', 'DenF', 'DenA', 'DenE', 'DenC', 'DenH', 'DenH', 'DenB', 'DenC', 'DenG', 'DenB', 'DenD', 'DenC', 'DenG', 'DenD', 'DenB', 'DenE', 'DenE', 'DenG'], 'ISI': ['yellowlightshort.mov'], 'AttenGet': ['AttenGet.mov'], 'Same': ['DenA', 'DenG', 'DenC', 'DenB', 'DenF', 'DenE', 'DenD', 'DenH'], 'Switch': ['RetA', 'RetG', 'RetC', 'RetB', 'RetF', 'RetE', 'RetD', 'RetH']}",1,1,12,Hab,0.07849429999987478,0.14486680000118213,0.06637250000130734
1,221,17,1,"{'Hab': ['DenH', 'DenD', 'DenF', 'DenA', 'DenA', 'DenF', 'DenF', 'DenA', 'DenE', 'DenC', 'DenH', 'DenH', 'DenB', 'DenC', 'DenG', 'DenB', 'DenD', 'DenC', 'DenG', 'DenD', 'DenB', 'DenE', 'DenE', 'DenG'], 'ISI': ['yellowlightshort.mov'], 'AttenGet': ['AttenGet.mov'], 'Same': ['DenA', 'DenG', 'DenC', 'DenB', 'DenF', 'DenE', 'DenD', 'DenH'], 'Switch': ['RetA', 'RetG', 'RetC', 'RetB', 'RetF', 'RetE', 'RetD', 'RetH']}",1,0,12,Hab,0.14486930000020948,0.24570029999995313,0.10083099999974365
1,221,17,1,"{'Hab': ['DenH', 'DenD', 'DenF', 'DenA', 'DenA', 'DenF', 'DenF', 'DenA', 'DenE', 'DenC', 'DenH', 'DenH', 'DenB', 'DenC', 'DenG', 'DenB', 'DenD', 'DenC', 'DenG', 'DenD', 'DenB', 'DenE', 'DenE', 'DenG'], 'ISI': ['yellowlightshort.mov'], 'AttenGet': ['AttenGet.mov'], 'Same': ['DenA', 'DenG', 'DenC', 'DenB', 'DenF', 'DenE', 'DenD', 'DenH'], 'Switch': ['RetA', 'RetG', 'RetC', 'RetB', 'RetF', 'RetE', 'RetD', 'RetH']}",1,1,12,Hab,0.2456913000005443,0.3118107999998756,0.06611949999933131
1,221,17,1,"{'Hab': ['DenH', 'DenD', 'DenF', 'DenA', 'DenA', 'DenF', 'DenF', 'DenA', 'DenE', 'DenC', 'DenH', 'DenH', 'DenB', 'DenC', 'DenG', 'DenB', 'DenD', 'DenC', 'DenG', 'DenD', 'DenB', 'DenE', 'DenE', 'DenG'], 'ISI': ['yellowlightshort.mov'], 'AttenGet': ['AttenGet.mov'], 'Same': ['DenA', 'DenG', 'DenC', 'DenB', 'DenF', 'DenE', 'DenD', 'DenH'], 'Switch': ['RetA', 'RetG', 'RetC', 'RetB', 'RetF', 'RetE', 'RetD', 'RetH']}",1,0,12,Hab,0.31181480000122974,0.44521070000155305,0.1333959000003233
1,221,17,1,"{'Hab': ['DenH', 'DenD', 'DenF', 'DenA', 'DenA', 'DenF', 'DenF', 'DenA', 'DenE', 'DenC', 'DenH', 'DenH', 'DenB', 'DenC', 'DenG', 'DenB', 'DenD', 'DenC', 'DenG', 'DenD', 'DenB', 'DenE', 'DenE', 'DenG'], 'ISI': ['yellowlightshort.mov'], 'AttenGet': ['AttenGet.mov'], 'Same': ['DenA', 'DenG', 'DenC', 'DenB', 'DenF', 'DenE', 'DenD', 'DenH'], 'Switch': ['RetA', 'RetG', 'RetC', 'RetB', 'RetF', 'RetE', 'RetD', 'RetH']}",1,1,12,Hab,0.4452067000001989,0.5785844000001816,0.13337769999998272
1,221,17,1,"{'Hab': ['DenH', 'DenD', 'DenF', 'DenA', 'DenA', 'DenF', 'DenF', 'DenA', 'DenE', 'DenC', 'DenH', 'DenH', 'DenB', 'DenC', 'DenG', 'DenB', 'DenD', 'DenC', 'DenG', 'DenD', 'DenB', 'DenE', 'DenE', 'DenG'], 'ISI': ['yellowlightshort.mov'], 'AttenGet': ['AttenGet.mov'], 'Same': ['DenA', 'DenG', 'DenC', 'DenB', 'DenF', 'DenE', 'DenD', 'DenH'], 'Switch': ['RetA', 'RetG', 'RetC', 'RetB', 'RetF', 'RetE', 'RetD', 'RetH']}",1,0,12,Hab,0.5785882000000129,0.6615380000002915,0.08294980000027863
1,221,17,1,"{'Hab': ['DenH', 'DenD', 'DenF', 'DenA', 'DenA', 'DenF', 'DenF', 'DenA', 'DenE', 'DenC', 'DenH', 'DenH', 'DenB', 'DenC', 'DenG', 'DenB', 'DenD', 'DenC', 'DenG', 'DenD', 'DenB', 'DenE', 'DenE', 'DenG'], 'ISI': ['yellowlightshort.mov'], 'AttenGet': ['AttenGet.mov'], 'Same': ['DenA', 'DenG', 'DenC', 'DenB', 'DenF', 'DenE', 'DenD', 'DenH'], 'Switch': ['RetA', 'RetG', 'RetC', 'RetB', 'RetF', 'RetE', 'RetD', 'RetH']}",1,1,12,Hab,0.6615357000009681,1.0119414000000688,0.35040569999910076
1,221,17,1,"{'Hab': ['DenH', 'DenD', 'DenF', 'DenA', 'DenA', 'DenF', 'DenF', 'DenA', 'DenE', 'DenC', 'DenH', 'DenH', 'DenB', 'DenC', 'DenG', 'DenB', 'DenD', 'DenC', 'DenG', 'DenD', 'DenB', 'DenE', 'DenE', 'DenG'], 'ISI': ['yellowlightshort.mov'], 'AttenGet': ['AttenGet.mov'], 'Same': ['DenA', 'DenG', 'DenC', 'DenB', 'DenF', 'DenE', 'DenD', 'DenH'], 'Switch': ['RetA', 'RetG', 'RetC', 'RetB', 'RetF', 'RetE', 'RetD', 'RetH']}",1,1,13,Hab,0,1.0077160999990156,1.0077160999990156
1,221,17,1,"{'Hab': ['DenH', 'DenD', 'DenF', 'DenA', 'DenA', 'DenF', 'DenF', 'DenA', 'DenE', 'DenC', 'DenH', 'DenH', 'DenB', 'DenC', 'DenG', 'DenB', 'DenD', 'DenC', 'DenG', 'DenD', 'DenB', 'DenE', 'DenE', 'DenG'], 'ISI': ['yellowlightshort.mov'], 'AttenGet': ['AttenGet.mov'], 'Same': ['DenA', 'DenG', 'DenC', 'DenB', 'DenF', 'DenE', 'DenD', 'DenH'], 'Switch': ['RetA', 'RetG', 'RetC', 'RetB', 'RetF', 'RetE', 'RetD', 'RetH']}",1,1,14,Hab,0,0.26249640000060026,0.26249640000060026
1,221,17,1,"{'Hab': ['DenH', 'DenD', 'DenF', 'DenA', 'DenA', 'DenF', 'DenF', 'DenA', 'DenE', 'DenC', 'DenH', 'DenH', 'DenB', 'DenC', 'DenG', 'DenB', 'DenD', 'DenC', 'DenG', 'DenD', 'DenB', 'DenE', 'DenE', 'DenG'], 'ISI': ['yellowlightshort.mov'], 'AttenGet': ['AttenGet.mov'], 'Same': ['DenA', 'DenG', 'DenC', 'DenB', 'DenF', 'DenE', 'DenD', 'DenH'], 'Switch': ['RetA', 'RetG', 'RetC', 'RetB', 'RetF', 'RetE', 'RetD', 'RetH']}",1,0,14,Hab,0.2625005999998393,0.29530420000082813,0.03280360000098881
1,221,17,1,"{'Hab': ['DenH', 'DenD', 'DenF', 'DenA', 'DenA', 'DenF', 'DenF', 'DenA', 'DenE', 'DenC', 'DenH', 'DenH', 'DenB', 'DenC', 'DenG', 'DenB', 'DenD', 'DenC', 'DenG', 'DenD', 'DenB', 'DenE', 'DenE', 'DenG'], 'ISI': ['yellowlightshort.mov'], 'AttenGet': ['AttenGet.mov'], 'Same': ['DenA', 'DenG', 'DenC', 'DenB', 'DenF', 'DenE', 'DenD', 'DenH'], 'Switch': ['RetA', 'RetG', 'RetC', 'RetB', 'RetF', 'RetE', 'RetD', 'RetH']}",1,1,14,Hab,0.29530030000023544,0.3619452999992063,0.06664499999897089
1,221,17,1,"{'Hab': ['DenH', 'DenD', 'DenF', 'DenA', 'DenA', 'DenF', 'DenF', 'DenA', 'DenE', 'DenC', 'DenH', 'DenH', 'DenB', 'DenC', 'DenG', 'DenB', 'DenD', 'DenC', 'DenG', 'DenD', 'DenB', 'DenE', 'DenE', 'DenG'], 'ISI': ['yellowlightshort.mov'], 'AttenGet': ['AttenGet.mov'], 'Same': ['DenA', 'DenG', 'DenC', 'DenB', 'DenF', 'DenE', 'DenD', 'DenH'], 'Switch': ['RetA', 'RetG', 'RetC', 'RetB', 'RetF', 'RetE', 'RetD', 'RetH']}",1,0,14,Hab,0.36194939999950293,0.37822869999945397,0.016279299999951036
1,221,17,1,"{'Hab': ['DenH', 'DenD', 'DenF', 'DenA', 'DenA', 'DenF', 'DenF', 'DenA', 'DenE', 'DenC', 'DenH', 'DenH', 'DenB', 'DenC', 'DenG', 'DenB', 'DenD', 'DenC', 'DenG', 'DenD', 'DenB', 'DenE', 'DenE', 'DenG'], 'ISI': ['yellowlightshort.mov'], 'AttenGet': ['AttenGet.mov'], 'Same': ['DenA', 'DenG', 'DenC', 'DenB', 'DenF', 'DenE', 'DenD', 'DenH'], 'Switch': ['RetA', 'RetG', 'RetC', 'RetB', 'RetF', 'RetE', 'RetD', 'RetH']}",1,1,14,Hab,0.3782267000005959,1.0119188000007853,0.6336921000001894
1,221,17,1,"{'Hab': ['DenH', 'DenD', 'DenF', 'DenA', 'DenA', 'DenF', 'DenF', 'DenA', 'DenE', 'DenC', 'DenH', 'DenH', 'DenB', 'DenC', 'DenG', 'DenB', 'DenD', 'DenC', 'DenG', 'DenD', 'DenB', 'DenE', 'DenE', 'DenG'], 'ISI': ['yellowlightshort.mov'], 'AttenGet': ['AttenGet.mov'], 'Same': ['DenA', 'DenG', 'DenC', 'DenB', 'DenF', 'DenE', 'DenD', 'DenH'], 'Switch': ['RetA', 'RetG', 'RetC', 'RetB', 'RetF', 'RetE', 'RetD', 'RetH']}",1,1,15,Hab,0,0.2577128000011726,0.2577128000011726
1,221,17,1,"{'Hab': ['DenH', 'DenD', 'DenF', 'DenA', 'DenA', 'DenF', 'DenF', 'DenA', 'DenE', 'DenC', 'DenH', 'DenH', 'DenB', 'DenC', 'DenG', 'DenB', 'DenD', 'DenC', 'DenG', 'DenD', 'DenB', 'DenE', 'DenE', 'DenG'], 'ISI': ['yellowlightshort.mov'], 'AttenGet': ['AttenGet.mov'], 'Same': ['DenA', 'DenG', 'DenC', 'DenB', 'DenF', 'DenE', 'DenD', 'DenH'], 'Switch': ['RetA', 'RetG', 'RetC', 'RetB', 'RetF', 'RetE', 'RetD', 'RetH']}",1,0,15,Hab,0.2577149000007921,0.6075684999996156,0.3498535999988235
1,221,17,1,"{'Hab': ['DenH', 'DenD', 'DenF', 'DenA', 'DenA', 'DenF', 'DenF', 'DenA', 'DenE', 'DenC', 'DenH', 'DenH', 'DenB', 'DenC', 'DenG', 'DenB', 'DenD', 'DenC', 'DenG', 'DenD', 'DenB', 'DenE', 'DenE', 'DenG'], 'ISI': ['yellowlightshort.mov'], 'AttenGet': ['AttenGet.mov'], 'Same': ['DenA', 'DenG', 'DenC', 'DenB', 'DenF', 'DenE', 'DenD', 'DenH'], 'Switch': ['RetA', 'RetG', 'RetC', 'RetB', 'RetF', 'RetE', 'RetD', 'RetH']}",1,1,15,Hab,0.6075665999997,0.8744070000011561,0.26684040000145615
1,221,17,1,"{'Hab': ['DenH', 'DenD', 'DenF', 'DenA', 'DenA', 'DenF', 'DenF', 'DenA', 'DenE', 'DenC', 'DenH', 'DenH', 'DenB', 'DenC', 'DenG', 'DenB', 'DenD', 'DenC', 'DenG', 'DenD', 'DenB', 'DenE', 'DenE', 'DenG'], 'ISI': ['yellowlightshort.mov'], 'AttenGet': ['AttenGet.mov'], 'Same': ['DenA', 'DenG', 'DenC', 'DenB', 'DenF', 'DenE', 'DenD', 'DenH'], 'Switch': ['RetA', 'RetG', 'RetC', 'RetB', 'RetF', 'RetE', 'RetD', 'RetH']}",1,0,15,Hab,0.8744090000000142,1.0077911999997013,0.13338219999968715
1,221,17,1,"{'Hab': ['DenH', 'DenD', 'DenF', 'DenA', 'DenA', 'DenF', 'DenF', 'DenA', 'DenE', 'DenC', 'DenH', 'DenH', 'DenB', 'DenC', 'DenG', 'DenB', 'DenD', 'DenC', 'DenG', 'DenD', 'DenB', 'DenE', 'DenE', 'DenG'], 'ISI': ['yellowlightshort.mov'], 'AttenGet': ['AttenGet.mov'], 'Same': ['DenA', 'DenG', 'DenC', 'DenB', 'DenF', 'DenE', 'DenD', 'DenH'], 'Switch': ['RetA', 'RetG', 'RetC', 'RetB', 'RetF', 'RetE', 'RetD', 'RetH']}",1,0,16,Hab,0,0.31204760000036913,0.31204760000036913
1,221,17,1,"{'Hab': ['DenH', 'DenD', 'DenF', 'DenA', 'DenA', 'DenF', 'DenF', 'DenA', 'DenE', 'DenC', 'DenH', 'DenH', 'DenB', 'DenC', 'DenG', 'DenB', 'DenD', 'DenC', 'DenG', 'DenD', 'DenB', 'DenE', 'DenE', 'DenG'], 'ISI': ['yellowlightshort.mov'], 'AttenGet': ['AttenGet.mov'], 'Same': ['DenA', 'DenG', 'DenC', 'DenB', 'DenF', 'DenE', 'DenD', 'DenH'], 'Switch': ['RetA', 'RetG', 'RetC', 'RetB', 'RetF', 'RetE', 'RetD', 'RetH']}",1,1,16,Hab,0.3120437999987189,1.011996299999737,0.699952500001018
1,221,17,1,"{'Hab': ['DenH', 'DenD', 'DenF', 'DenA', 'DenA', 'DenF', 'DenF', 'DenA', 'DenE', 'DenC', 'DenH', 'DenH', 'DenB', 'DenC', 'DenG', 'DenB', 'DenD', 'DenC', 'DenG', 'DenD', 'DenB', 'DenE', 'DenE', 'DenG'], 'ISI': ['yellowlightshort.mov'], 'AttenGet': ['AttenGet.mov'], 'Same': ['DenA', 'DenG', 'DenC', 'DenB', 'DenF', 'DenE', 'DenD', 'DenH'], 'Switch': ['RetA', 'RetG', 'RetC', 'RetB', 'RetF', 'RetE', 'RetD', 'RetH']}",1,1,17,Hab,0,1.010952600001474,1.010952600001474
1,221,17,1,"{'Hab': ['DenH', 'DenD', 'DenF', 'DenA', 'DenA', 'DenF', 'DenF', 'DenA', 'DenE', 'DenC', 'DenH', 'DenH', 'DenB', 'DenC', 'DenG', 'DenB', 'DenD', 'DenC', 'DenG', 'DenD', 'DenB', 'DenE', 'DenE', 'DenG'], 'ISI': ['yellowlightshort.mov'], 'AttenGet': ['AttenGet.mov'], 'Same': ['DenA', 'DenG', 'DenC', 'DenB', 'DenF', 'DenE', 'DenD', 'DenH'], 'Switch': ['RetA', 'RetG', 'RetC', 'RetB', 'RetF', 'RetE', 'RetD', 'RetH']}",1,1,18,Hab,0,0.13767749999897205,0.13767749999897205
1,221,17,1,"{'Hab': ['DenH', 'DenD', 'DenF', 'DenA', 'DenA', 'DenF', 'DenF', 'DenA', 'DenE', 'DenC', 'DenH', 'DenH', 'DenB', 'DenC', 'DenG', 'DenB', 'DenD', 'DenC', 'DenG', 'DenD', 'DenB', 'DenE', 'DenE', 'DenG'], 'ISI': ['yellowlightshort.mov'], 'AttenGet': ['AttenGet.mov'], 'Same': ['DenA', 'DenG', 'DenC', 'DenB', 'DenF', 'DenE', 'DenD', 'DenH'], 'Switch': ['RetA', 'RetG', 'RetC', 'RetB', 'RetF', 'RetE', 'RetD', 'RetH']}",1,0,18,Hab,0.13767969999935303,0.2711405999998533,0.13346090000050026
1,221,17,1,"{'Hab': ['DenH', 'DenD', 'DenF', 'DenA', 'DenA', 'DenF', 'DenF', 'DenA', 'DenE', 'DenC', 'DenH', 'DenH', 'DenB', 'DenC', 'DenG', 'DenB', 'DenD', 'DenC', 'DenG', 'DenD', 'DenB', 'DenE', 'DenE', 'DenG'], 'ISI': ['yellowlightshort.mov'], 'AttenGet': ['AttenGet.mov'], 'Same': ['DenA', 'DenG', 'DenC', 'DenB', 'DenF', 'DenE', 'DenD', 'DenH'], 'Switch': ['RetA', 'RetG', 'RetC', 'RetB', 'RetF', 'RetE', 'RetD', 'RetH']}",1,1,18,Hab,0.27113879999888013,1.0043513999989955,0.7332126000001153
1,221,17,1,"{'Hab': ['DenH', 'DenD', 'DenF', 'DenA', 'DenA', 'DenF', 'DenF', 'DenA', 'DenE', 'DenC', 'DenH', 'DenH', 'DenB', 'DenC', 'DenG', 'DenB', 'DenD', 'DenC', 'DenG', 'DenD', 'DenB', 'DenE', 'DenE', 'DenG'], 'ISI': ['yellowlightshort.mov'], 'AttenGet': ['AttenGet.mov'], 'Same': ['DenA', 'DenG', 'DenC', 'DenB', 'DenF', 'DenE', 'DenD', 'DenH'], 'Switch': ['RetA', 'RetG', 'RetC', 'RetB', 'RetF', 'RetE', 'RetD', 'RetH']}",1,1,19,Hab,0,1.0117718000001332,1.0117718000001332
1,221,17,1,"{'Hab': ['DenH', 'DenD', 'DenF', 'DenA', 'DenA', 'DenF', 'DenF', 'DenA', 'DenE', 'DenC', 'DenH', 'DenH', 'DenB', 'DenC', 'DenG', 'DenB', 'DenD', 'DenC', 'DenG', 'DenD', 'DenB', 'DenE', 'DenE', 'DenG'], 'ISI': ['yellowlightshort.mov'], 'AttenGet': ['AttenGet.mov'], 'Same': ['DenA', 'DenG', 'DenC', 'DenB', 'DenF', 'DenE', 'DenD', 'DenH'], 'Switch': ['RetA', 'RetG', 'RetC', 'RetB', 'RetF', 'RetE', 'RetD', 'RetH']}",1,1,20,Hab,0,1.0118055000002641,1.0118055000002641
1,221,17,1,"{'Hab': ['DenH', 'DenD', 'DenF', 'DenA', 'DenA', 'DenF', 'DenF', 'DenA', 'DenE', 'DenC', 'DenH', 'DenH', 'DenB', 'DenC', 'DenG', 'DenB', 'DenD', 'DenC', 'DenG', 'DenD', 'DenB', 'DenE', 'DenE', 'DenG'], 'ISI': ['yellowlightshort.mov'], 'AttenGet': ['AttenGet.mov'], 'Same': ['DenA', 'DenG', 'DenC', 'DenB', 'DenF', 'DenE', 'DenD', 'DenH'], 'Switch': ['RetA', 'RetG', 'RetC', 'RetB', 'RetF', 'RetE', 'RetD', 'RetH']}",1,1,21,Hab,0,1.01099030000114,1.01099030000114
1,221,17,1,"{'Hab': ['DenH', 'DenD', 'DenF', 'DenA', 'DenA', 'DenF', 'DenF', 'DenA', 'DenE', 'DenC', 'DenH', 'DenH', 'DenB', 'DenC', 'DenG', 'DenB', 'DenD', 'DenC', 'DenG', 'DenD', 'DenB', 'DenE', 'DenE', 'DenG'], 'ISI': ['yellowlightshort.mov'], 'AttenGet': ['AttenGet.mov'], 'Same': ['DenA', 'DenG', 'DenC', 'DenB', 'DenF', 'DenE', 'DenD', 'DenH'], 'Switch': ['RetA', 'RetG', 'RetC', 'RetB', 'RetF', 'RetE', 'RetD', 'RetH']}",1,0,22,Hab,0,0.21202090000042517,0.21202090000042517
1,221,17,1,"{'Hab': ['DenH', 'DenD', 'DenF', 'DenA', 'DenA', 'DenF', 'DenF', 'DenA', 'DenE', 'DenC', 'DenH', 'DenH', 'DenB', 'DenC', 'DenG', 'DenB', 'DenD', 'DenC', 'DenG', 'DenD', 'DenB', 'DenE', 'DenE', 'DenG'], 'ISI': ['yellowlightshort.mov'], 'AttenGet': ['AttenGet.mov'], 'Same': ['DenA', 'DenG', 'DenC', 'DenB', 'DenF', 'DenE', 'DenD', 'DenH'], 'Switch': ['RetA', 'RetG', 'RetC', 'RetB', 'RetF', 'RetE', 'RetD', 'RetH']}",1,1,22,Hab,0.21201710000059393,0.22839770000064163,0.016380600000047707
1,221,17,1,"{'Hab': ['DenH', 'DenD', 'DenF', 'DenA', 'DenA', 'DenF', 'DenF', 'DenA', 'DenE', 'DenC', 'DenH', 'DenH', 'DenB', 'DenC', 'DenG', 'DenB', 'DenD', 'DenC', 'DenG', 'DenD', 'DenB', 'DenE', 'DenE', 'DenG'], 'ISI': ['yellowlightshort.mov'], 'AttenGet': ['AttenGet.mov'], 'Same': ['DenA', 'DenG', 'DenC', 'DenB', 'DenF', 'DenE', 'DenD', 'DenH'], 'Switch': ['RetA', 'RetG', 'RetC', 'RetB', 'RetF', 'RetE', 'RetD', 'RetH']}",1,0,22,Hab,0.22839989999920363,0.24504669999987527,0.016646800000671647
1,221,17,1,"{'Hab': ['DenH', 'DenD', 'DenF', 'DenA', 'DenA', 'DenF', 'DenF', 'DenA', 'DenE', 'DenC', 'DenH', 'DenH', 'DenB', 'DenC', 'DenG', 'DenB', 'DenD', 'DenC', 'DenG', 'DenD', 'DenB', 'DenE', 'DenE', 'DenG'], 'ISI': ['yellowlightshort.mov'], 'AttenGet': ['AttenGet.mov'], 'Same': ['DenA', 'DenG', 'DenC', 'DenB', 'DenF', 'DenE', 'DenD', 'DenH'], 'Switch': ['RetA', 'RetG', 'RetC', 'RetB', 'RetF', 'RetE', 'RetD', 'RetH']}",1,1,22,Hab,0.24504479999995965,1.0119427999998152,0.7668979999998555
1,221,17,1,"{'Hab': ['DenH', 'DenD', 'DenF', 'DenA', 'DenA', 'DenF', 'DenF', 'DenA', 'DenE', 'DenC', 'DenH', 'DenH', 'DenB', 'DenC', 'DenG', 'DenB', 'DenD', 'DenC', 'DenG', 'DenD', 'DenB', 'DenE', 'DenE', 'DenG'], 'ISI': ['yellowlightshort.mov'], 'AttenGet': ['AttenGet.mov'], 'Same': ['DenA', 'DenG', 'DenC', 'DenB', 'DenF', 'DenE', 'DenD', 'DenH'], 'Switch': ['RetA', 'RetG', 'RetC', 'RetB', 'RetF', 'RetE', 'RetD', 'RetH']}",1,1,23,Hab,0,1.0112435999999434,1.0112435999999434
1,221,17,1,"{'Hab': ['DenH', 'DenD', 'DenF', 'DenA', 'DenA', 'DenF', 'DenF', 'DenA', 'DenE', 'DenC', 'DenH', 'DenH', 'DenB', 'DenC', 'DenG', 'DenB', 'DenD', 'DenC', 'DenG', 'DenD', 'DenB', 'DenE', 'DenE', 'DenG'], 'ISI': ['yellowlightshort.mov'], 'AttenGet': ['AttenGet.mov'], 'Same': ['DenA', 'DenG', 'DenC', 'DenB', 'DenF', 'DenE', 'DenD', 'DenH'], 'Switch': ['RetA', 'RetG', 'RetC', 'RetB', 'RetF', 'RetE', 'RetD', 'RetH']}",1,1,24,Hab,0,0.8583073999998305,0.8583073999998305
1,221,17,1,"{'Hab': ['DenH', 'DenD', 'DenF', 'DenA', 'DenA', 'DenF', 'DenF', 'DenA', 'DenE', 'DenC', 'DenH', 'DenH', 'DenB', 'DenC', 'DenG', 'DenB', 'DenD', 'DenC', 'DenG', 'DenD', 'DenB', 'DenE', 'DenE', 'DenG'], 'ISI': ['yellowlightshort.mov'], 'AttenGet': ['AttenGet.mov'], 'Same': ['DenA', 'DenG', 'DenC', 'DenB', 'DenF', 'DenE', 'DenD', 'DenH'], 'Switch': ['RetA', 'RetG', 'RetC', 'RetB', 'RetF', 'RetE', 'RetD', 'RetH']}",1,0,24,Hab,0.858334399999876,0.9917590000004566,0.13342460000058054
1,221,17,1,"{'Hab': ['DenH', 'DenD', 'DenF', 'DenA', 'DenA', 'DenF', 'DenF', 'DenA', 'DenE', 'DenC', 'DenH', 'DenH', 'DenB', 'DenC', 'DenG', 'DenB', 'DenD', 'DenC', 'DenG', 'DenD', 'DenB', 'DenE', 'DenE', 'DenG'], 'ISI': ['yellowlightshort.mov'], 'AttenGet': ['AttenGet.mov'], 'Same': ['DenA', 'DenG', 'DenC', 'DenB', 'DenF', 'DenE', 'DenD', 'DenH'], 'Switch': ['RetA', 'RetG', 'RetC', 'RetB', 'RetF', 'RetE', 'RetD', 'RetH']}",1,1,24,Hab,0.9917569999997795,1.0083491999994294,0.016592199999649893
1,221,17,1,"{'Hab': ['DenH', 'DenD', 'DenF', 'DenA', 'DenA', 'DenF', 'DenF', 'DenA', 'DenE', 'DenC', 'DenH', 'DenH', 'DenB', 'DenC', 'DenG', 'DenB', 'DenD', 'DenC', 'DenG', 'DenD', 'DenB', 'DenE', 'DenE', 'DenG'], 'ISI': ['yellowlightshort.mov'], 'AttenGet': ['AttenGet.mov'], 'Same': ['DenA', 'DenG', 'DenC', 'DenB', 'DenF', 'DenE', 'DenD', 'DenH'], 'Switch': ['RetA', 'RetG', 'RetC', 'RetB', 'RetF', 'RetE', 'RetD', 'RetH']}",1,0,25,Hab,0,0.1283056000011129,0.1283056000011129
1,221,17,1,"{'Hab': ['DenH', 'DenD', 'DenF', 'DenA', 'DenA', 'DenF', 'DenF', 'DenA', 'DenE', 'DenC', 'DenH', 'DenH', 'DenB', 'DenC', 'DenG', 'DenB', 'DenD', 'DenC', 'DenG', 'DenD', 'DenB', 'DenE', 'DenE', 'DenG'], 'ISI': ['yellowlightshort.mov'], 'AttenGet': ['AttenGet.mov'], 'Same': ['DenA', 'DenG', 'DenC', 'DenB', 'DenF', 'DenE', 'DenD', 'DenH'], 'Switch': ['RetA', 'RetG', 'RetC', 'RetB', 'RetF', 'RetE', 'RetD', 'RetH']}",1,1,25,Hab,0.12830340000073193,0.16170559999955003,0.033402199998818105
1,221,17,1,"{'Hab': ['DenH', 'DenD', 'DenF', 'DenA', 'DenA', 'DenF', 'DenF', 'DenA', 'DenE', 'DenC', 'DenH', 'DenH', 'DenB', 'DenC', 'DenG', 'DenB', 'DenD', 'DenC', 'DenG', 'DenD', 'DenB', 'DenE', 'DenE', 'DenG'], 'ISI': ['yellowlightshort.mov'], 'AttenGet': ['AttenGet.mov'], 'Same': ['DenA', 'DenG', 'DenC', 'DenB', 'DenF', 'DenE', 'DenD', 'DenH'], 'Switch': ['RetA', 'RetG', 'RetC', 'RetB', 'RetF', 'RetE', 'RetD', 'RetH']}",1,0,25,Hab,0.16170939999938128,0.2949067000008654,0.1331973000014841
1,221,17,1,"{'Hab': ['DenH', 'DenD', 'DenF', 'DenA', 'DenA', 'DenF', 'DenF', 'DenA', 'DenE', 'DenC', 'DenH', 'DenH', 'DenB', 'DenC', 'DenG', 'DenB', 'DenD', 'DenC', 'DenG', 'DenD', 'DenB', 'DenE', 'DenE', 'DenG'], 'ISI': ['yellowlightshort.mov'], 'AttenGet': ['AttenGet.mov'], 'Same': ['DenA', 'DenG', 'DenC', 'DenB', 'DenF', 'DenE', 'DenD', 'DenH'], 'Switch': ['RetA', 'RetG', 'RetC', 'RetB', 'RetF', 'RetE', 'RetD', 'RetH']}",1,1,25,Hab,0.29490480000094976,1.0118756000010762,0.7169708000001265
1,221,17,1,"{'Hab': ['DenH', 'DenD', 'DenF', 'DenA', 'DenA', 'DenF', 'DenF', 'DenA', 'DenE', 'DenC', 'DenH', 'DenH', 'DenB', 'DenC', 'DenG', 'DenB', 'DenD', 'DenC', 'DenG', 'DenD', 'DenB', 'DenE', 'DenE', 'DenG'], 'ISI': ['yellowlightshort.mov'], 'AttenGet': ['AttenGet.mov'], 'Same': ['DenA', 'DenG', 'DenC', 'DenB', 'DenF', 'DenE', 'DenD', 'DenH'], 'Switch': ['RetA', 'RetG', 'RetC', 'RetB', 'RetF', 'RetE', 'RetD', 'RetH']}",1,1,26,Hab,0,1.0112452000012127,1.0112452000012127
1,221,17,1,"{'Hab': ['DenH', 'DenD', 'DenF', 'DenA', 'DenA', 'DenF', 'DenF', 'DenA', 'DenE', 'DenC', 'DenH', 'DenH', 'DenB', 'DenC', 'DenG', 'DenB', 'DenD', 'DenC', 'DenG', 'DenD', 'DenB', 'DenE', 'DenE', 'DenG'], 'ISI': ['yellowlightshort.mov'], 'AttenGet': ['AttenGet.mov'], 'Same': ['DenA', 'DenG', 'DenC', 'DenB', 'DenF', 'DenE', 'DenD', 'DenH'], 'Switch': ['RetA', 'RetG', 'RetC', 'RetB', 'RetF', 'RetE', 'RetD', 'RetH']}",1,1,27,ISI,0,2.0101402000000235,2.0101402000000235
1,221,17,1,"{'Hab': ['DenH', 'DenD', 'DenF', 'DenA', 'DenA', 'DenF', 'DenF', 'DenA', 'DenE', 'DenC', 'DenH', 'DenH', 'DenB', 'DenC', 'DenG', 'DenB', 'DenD', 'DenC', 'DenG', 'DenD', 'DenB', 'DenE', 'DenE', 'DenG'], 'ISI': ['yellowlightshort.mov'], 'AttenGet': ['AttenGet.mov'], 'Same': ['DenA', 'DenG', 'DenC', 'DenB', 'DenF', 'DenE', 'DenD', 'DenH'], 'Switch': ['RetA', 'RetG', 'RetC', 'RetB', 'RetF', 'RetE', 'RetD', 'RetH']}",1,1,28,Same,0,1.0116627999996126,1.0116627999996126
1,221,17,1,"{'Hab': ['DenH', 'DenD', 'DenF', 'DenA', 'DenA', 'DenF', 'DenF', 'DenA', 'DenE', 'DenC', 'DenH', 'DenH', 'DenB', 'DenC', 'DenG', 'DenB', 'DenD', 'DenC', 'DenG', 'DenD', 'DenB', 'DenE', 'DenE', 'DenG'], 'ISI': ['yellowlightshort.mov'], 'AttenGet': ['AttenGet.mov'], 'Same': ['DenA', 'DenG', 'DenC', 'DenB', 'DenF', 'DenE', 'DenD', 'DenH'], 'Switch': ['RetA', 'RetG', 'RetC', 'RetB', 'RetF', 'RetE', 'RetD', 'RetH']}",1,0,29,Same,0,0.19499529999848164,0.19499529999848164
1,221,17,1,"{'Hab': ['DenH', 'DenD', 'DenF', 'DenA', 'DenA', 'DenF', 'DenF', 'DenA', 'DenE', 'DenC', 'DenH', 'DenH', 'DenB', 'DenC', 'DenG', 'DenB', 'DenD', 'DenC', 'DenG', 'DenD', 'DenB', 'DenE', 'DenE', 'DenG'], 'ISI': ['yellowlightshort.mov'], 'AttenGet': ['AttenGet.mov'], 'Same': ['DenA', 'DenG', 'DenC', 'DenB', 'DenF', 'DenE', 'DenD', 'DenH'], 'Switch': ['RetA', 'RetG', 'RetC', 'RetB', 'RetF', 'RetE', 'RetD', 'RetH']}",1,1,29,Same,0.19499339999856602,1.0102879999994911,0.8152946000009251
1,221,17,1,"{'Hab': ['DenH', 'DenD', 'DenF', 'DenA', 'DenA', 'DenF', 'DenF', 'DenA', 'DenE', 'DenC', 'DenH', 'DenH', 'DenB', 'DenC', 'DenG', 'DenB', 'DenD', 'DenC', 'DenG', 'DenD', 'DenB', 'DenE', 'DenE', 'DenG'], 'ISI': ['yellowlightshort.mov'], 'AttenGet': ['AttenGet.mov'], 'Same': ['DenA', 'DenG', 'DenC', 'DenB', 'DenF', 'DenE', 'DenD', 'DenH'], 'Switch': ['RetA', 'RetG', 'RetC', 'RetB', 'RetF', 'RetE', 'RetD', 'RetH']}",1,1,30,Same,0,1.0109331000003294,1.0109331000003294
1,221,17,1,"{'Hab': ['DenH', 'DenD', 'DenF', 'DenA', 'DenA', 'DenF', 'DenF', 'DenA', 'DenE', 'DenC', 'DenH', 'DenH', 'DenB', 'DenC', 'DenG', 'DenB', 'DenD', 'DenC', 'DenG', 'DenD', 'DenB', 'DenE', 'DenE', 'DenG'], 'ISI': ['yellowlightshort.mov'], 'AttenGet': ['AttenGet.mov'], 'Same': ['DenA', 'DenG', 'DenC', 'DenB', 'DenF', 'DenE', 'DenD', 'DenH'], 'Switch': ['RetA', 'RetG', 'RetC', 'RetB', 'RetF', 'RetE', 'RetD', 'RetH']}",1,1,31,Same,0,0.04512539999996079,0.04512539999996079
1,221,17,1,"{'Hab': ['DenH', 'DenD', 'DenF', 'DenA', 'DenA', 'DenF', 'DenF', 'DenA', 'DenE', 'DenC', 'DenH', 'DenH', 'DenB', 'DenC', 'DenG', 'DenB', 'DenD', 'DenC', 'DenG', 'DenD', 'DenB', 'DenE', 'DenE', 'DenG'], 'ISI': ['yellowlightshort.mov'], 'AttenGet': ['AttenGet.mov'], 'Same': ['DenA', 'DenG', 'DenC', 'DenB', 'DenF', 'DenE', 'DenD', 'DenH'], 'Switch': ['RetA', 'RetG', 'RetC', 'RetB', 'RetF', 'RetE', 'RetD', 'RetH']}",1,0,31,Same,0.04512750000139931,0.1781965999998647,0.1330690999984654
1,221,17,1,"{'Hab': ['DenH', 'DenD', 'DenF', 'DenA', 'DenA', 'DenF', 'DenF', 'DenA', 'DenE', 'DenC', 'DenH', 'DenH', 'DenB', 'DenC', 'DenG', 'DenB', 'DenD', 'DenC', 'DenG', 'DenD', 'DenB', 'DenE', 'DenE', 'DenG'], 'ISI': ['yellowlightshort.mov'], 'AttenGet': ['AttenGet.mov'], 'Same': ['DenA', 'DenG', 'DenC', 'DenB', 'DenF', 'DenE', 'DenD', 'DenH'], 'Switch': ['RetA', 'RetG', 'RetC', 'RetB', 'RetF', 'RetE', 'RetD', 'RetH']}",1,1,31,Same,0.17819469999994908,1.0116608000007545,0.8334661000008055
1,221,17,1,"{'Hab': ['DenH', 'DenD', 'DenF', 'DenA', 'DenA', 'DenF', 'DenF', 'DenA', 'DenE', 'DenC', 'DenH', 'DenH', 'DenB', 'DenC', 'DenG', 'DenB', 'DenD', 'DenC', 'DenG', 'DenD', 'DenB', 'DenE', 'DenE', 'DenG'], 'ISI': ['yellowlightshort.mov'], 'AttenGet': ['AttenGet.mov'], 'Same': ['DenA', 'DenG', 'DenC', 'DenB', 'DenF', 'DenE', 'DenD', 'DenH'], 'Switch': ['RetA', 'RetG', 'RetC', 'RetB', 'RetF', 'RetE', 'RetD', 'RetH']}",1,1,32,Same,0,0.9616772000008496,0.9616772000008496
1,221,17,1,"{'Hab': ['DenH', 'DenD', 'DenF', 'DenA', 'DenA', 'DenF', 'DenF', 'DenA', 'DenE', 'DenC', 'DenH', 'DenH', 'DenB', 'DenC', 'DenG', 'DenB', 'DenD', 'DenC', 'DenG', 'DenD', 'DenB', 'DenE', 'DenE', 'DenG'], 'ISI': ['yellowlightshort.mov'], 'AttenGet': ['AttenGet.mov'], 'Same': ['DenA', 'DenG', 'DenC', 'DenB', 'DenF', 'DenE', 'DenD', 'DenH'], 'Switch': ['RetA', 'RetG', 'RetC', 'RetB', 'RetF', 'RetE', 'RetD', 'RetH']}",1,0,32,Same,0.9616793999994115,1.0115736000007018,0.0498942000012903
1,221,17,1,"{'Hab': ['DenH', 'DenD', 'DenF', 'DenA', 'DenA', 'DenF', 'DenF', 'DenA', 'DenE', 'DenC', 'DenH', 'DenH', 'DenB', 'DenC', 'DenG', 'DenB', 'DenD', 'DenC', 'DenG', 'DenD', 'DenB', 'DenE', 'DenE', 'DenG'], 'ISI': ['yellowlightshort.mov'], 'AttenGet': ['AttenGet.mov'], 'Same': ['DenA', 'DenG', 'DenC', 'DenB', 'DenF', 'DenE', 'DenD', 'DenH'], 'Switch': ['RetA', 'RetG', 'RetC', 'RetB', 'RetF', 'RetE', 'RetD', 'RetH']}",1,0,33,Same,0,0.0284825999988243,0.0284825999988243
1,221,17,1,"{'Hab': ['DenH', 'DenD', 'DenF', 'DenA', 'DenA', 'DenF', 'DenF', 'DenA', 'DenE', 'DenC', 'DenH', 'DenH', 'DenB', 'DenC', 'DenG', 'DenB', 'DenD', 'DenC', 'DenG', 'DenD', 'DenB', 'DenE', 'DenE', 'DenG'], 'ISI': ['yellowlightshort.mov'], 'AttenGet': ['AttenGet.mov'], 'Same': ['DenA', 'DenG', 'DenC', 'DenB', 'DenF', 'DenE', 'DenD', 'DenH'], 'Switch': ['RetA', 'RetG', 'RetC', 'RetB', 'RetF', 'RetE', 'RetD', 'RetH']}",1,1,33,Same,0.028480699998908676,1.011719099999027,0.9832384000001184
1,221,17,1,"{'Hab': ['DenH', 'DenD', 'DenF', 'DenA', 'DenA', 'DenF', 'DenF', 'DenA', 'DenE', 'DenC', 'DenH', 'DenH', 'DenB', 'DenC', 'DenG', 'DenB', 'DenD', 'DenC', 'DenG', 'DenD', 'DenB', 'DenE', 'DenE', 'DenG'], 'ISI': ['yellowlightshort.mov'], 'AttenGet': ['AttenGet.mov'], 'Same': ['DenA', 'DenG', 'DenC', 'DenB', 'DenF', 'DenE', 'DenD', 'DenH'], 'Switch': ['RetA', 'RetG', 'RetC', 'RetB', 'RetF', 'RetE', 'RetD', 'RetH']}",1,1,34,Same,0,1.0116582999999082,1.0116582999999082
1,221,17,1,"{'Hab': ['DenH', 'DenD', 'DenF', 'DenA', 'DenA', 'DenF', 'DenF', 'DenA', 'DenE', 'DenC', 'DenH', 'DenH', 'DenB', 'DenC', 'DenG', 'DenB', 'DenD', 'DenC', 'DenG', 'DenD', 'DenB', 'DenE', 'DenE', 'DenG'], 'ISI': ['yellowlightshort.mov'], 'AttenGet': ['AttenGet.mov'], 'Same': ['DenA', 'DenG', 'DenC', 'DenB', 'DenF', 'DenE', 'DenD', 'DenH'], 'Switch': ['RetA', 'RetG', 'RetC', 'RetB', 'RetF', 'RetE', 'RetD', 'RetH']}",1,1,35,Same,0,1.0115533999996842,1.0115533999996842
1,221,17,1,"{'Hab': ['DenH', 'DenD', 'DenF', 'DenA', 'DenA', 'DenF', 'DenF', 'DenA', 'DenE', 'DenC', 'DenH', 'DenH', 'DenB', 'DenC', 'DenG', 'DenB', 'DenD', 'DenC', 'DenG', 'DenD', 'DenB', 'DenE', 'DenE', 'DenG'], 'ISI': ['yellowlightshort.mov'], 'AttenGet': ['AttenGet.mov'], 'Same': ['DenA', 'DenG', 'DenC', 'DenB', 'DenF', 'DenE', 'DenD', 'DenH'], 'Switch': ['RetA', 'RetG', 'RetC', 'RetB', 'RetF', 'RetE', 'RetD', 'RetH']}",1,1,36,ISI,0,0.2722873000002437,0.2722873000002437
1,221,17,1,"{'Hab': ['DenH', 'DenD', 'DenF', 'DenA', 'DenA', 'DenF', 'DenF', 'DenA', 'DenE', 'DenC', 'DenH', 'DenH', 'DenB', 'DenC', 'DenG', 'DenB', 'DenD', 'DenC', 'DenG', 'DenD', 'DenB', 'DenE', 'DenE', 'DenG'], 'ISI': ['yellowlightshort.mov'], 'AttenGet': ['AttenGet.mov'], 'Same': ['DenA', 'DenG', 'DenC', 'DenB', 'DenF', 'DenE', 'DenD', 'DenH'], 'Switch': ['RetA', 'RetG', 'RetC', 'RetB', 'RetF', 'RetE', 'RetD', 'RetH']}",1,0,36,ISI,0.2722895000006247,0.43896310000127414,0.16667360000064946
1,221,17,1,"{'Hab': ['DenH', 'DenD', 'DenF', 'DenA', 'DenA', 'DenF', 'DenF', 'DenA', 'DenE', 'DenC', 'DenH', 'DenH', 'DenB', 'DenC', 'DenG', 'DenB', 'DenD', 'DenC', 'DenG', 'DenD', 'DenB', 'DenE', 'DenE', 'DenG'], 'ISI': ['yellowlightshort.mov'], 'AttenGet': ['AttenGet.mov'], 'Same': ['DenA', 'DenG', 'DenC', 'DenB', 'DenF', 'DenE', 'DenD', 'DenH'], 'Switch': ['RetA', 'RetG', 'RetC', 'RetB', 'RetF', 'RetE', 'RetD', 'RetH']}",1,1,36,ISI,0.43896110000059707,2.0056206000008387,1.5666595000002417
1,221,17,1,"{'Hab': ['DenH', 'DenD', 'DenF', 'DenA', 'DenA', 'DenF', 'DenF', 'DenA', 'DenE', 'DenC', 'DenH', 'DenH', 'DenB', 'DenC', 'DenG', 'DenB', 'DenD', 'DenC', 'DenG', 'DenD', 'DenB', 'DenE', 'DenE', 'DenG'], 'ISI': ['yellowlightshort.mov'], 'AttenGet': ['AttenGet.mov'], 'Same': ['DenA', 'DenG', 'DenC', 'DenB', 'DenF', 'DenE', 'DenD', 'DenH'], 'Switch': ['RetA', 'RetG', 'RetC', 'RetB', 'RetF', 'RetE', 'RetD', 'RetH']}",1,1,37,Switch,0,0.6117226999995182,0.6117226999995182
1,221,17,1,"{'Hab': ['DenH', 'DenD', 'DenF', 'DenA', 'DenA', 'DenF', 'DenF', 'DenA', 'DenE', 'DenC', 'DenH', 'DenH', 'DenB', 'DenC', 'DenG', 'DenB', 'DenD', 'DenC', 'DenG', 'DenD', 'DenB', 'DenE', 'DenE', 'DenG'], 'ISI': ['yellowlightshort.mov'], 'AttenGet': ['AttenGet.mov'], 'Same': ['DenA', 'DenG', 'DenC', 'DenB', 'DenF', 'DenE', 'DenD', 'DenH'], 'Switch': ['RetA', 'RetG', 'RetC', 'RetB', 'RetF', 'RetE', 'RetD', 'RetH']}",1,0,37,Switch,0.6117247999991378,0.7117369999996299,0.10001220000049216
1,221,17,1,"{'Hab': ['DenH', 'DenD', 'DenF', 'DenA', 'DenA', 'DenF', 'DenF', 'DenA', 'DenE', 'DenC', 'DenH', 'DenH', 'DenB', 'DenC', 'DenG', 'DenB', 'DenD', 'DenC', 'DenG', 'DenD', 'DenB', 'DenE', 'DenE', 'DenG'], 'ISI': ['yellowlightshort.mov'], 'AttenGet': ['AttenGet.mov'], 'Same': ['DenA', 'DenG', 'DenC', 'DenB', 'DenF', 'DenE', 'DenD', 'DenH'], 'Switch': ['RetA', 'RetG', 'RetC', 'RetB', 'RetF', 'RetE', 'RetD', 'RetH']}",1,1,37,Switch,0.7117350999997143,1.0117854999989504,0.3000503999992361
1,221,17,1,"{'Hab': ['DenH', 'DenD', 'DenF', 'DenA', 'DenA', 'DenF', 'DenF', 'DenA', 'DenE', 'DenC', 'DenH', 'DenH', 'DenB', 'DenC', 'DenG', 'DenB', 'DenD', 'DenC', 'DenG', 'DenD', 'DenB', 'DenE', 'DenE', 'DenG'], 'ISI': ['yellowlightshort.mov'], 'AttenGet': ['AttenGet.mov'], 'Same': ['DenA', 'DenG', 'DenC', 'DenB', 'DenF', 'DenE', 'DenD', 'DenH'], 'Switch': ['RetA', 'RetG', 'RetC', 'RetB', 'RetF', 'RetE', 'RetD', 'RetH']}",1,1,38,Switch,0,0.511792900000728,0.511792900000728
1,221,17,1,"{'Hab': ['DenH', 'DenD', 'DenF', 'DenA', 'DenA', 'DenF', 'DenF', 'DenA', 'DenE', 'DenC', 'DenH', 'DenH', 'DenB', 'DenC', 'DenG', 'DenB', 'DenD', 'DenC', 'DenG', 'DenD', 'DenB', 'DenE', 'DenE', 'DenG'], 'ISI': ['yellowlightshort.mov'], 'AttenGet': ['AttenGet.mov'], 'Same': ['DenA', 'DenG', 'DenC', 'DenB', 'DenF', 'DenE', 'DenD', 'DenH'], 'Switch': ['RetA', 'RetG', 'RetC', 'RetB', 'RetF', 'RetE', 'RetD', 'RetH']}",1,0,38,Switch,0.5117950000003475,0.6450917000001937,0.13329669999984617
1,221,17,1,"{'Hab': ['DenH', 'DenD', 'DenF', 'DenA', 'DenA', 'DenF', 'DenF', 'DenA', 'DenE', 'DenC', 'DenH', 'DenH', 'DenB', 'DenC', 'DenG', 'DenB', 'DenD', 'DenC', 'DenG', 'DenD', 'DenB', 'DenE', 'DenE', 'DenG'], 'ISI': ['yellowlightshort.mov'], 'AttenGet': ['AttenGet.mov'], 'Same': ['DenA', 'DenG', 'DenC', 'DenB', 'DenF', 'DenE', 'DenD', 'DenH'], 'Switch': ['RetA', 'RetG', 'RetC', 'RetB', 'RetF', 'RetE', 'RetD', 'RetH']}",1,1,38,Switch,0.645089800000278,1.0115953000004083,0.36650550000013027
1,221,17,1,"{'Hab': ['DenH', 'DenD', 'DenF', 'DenA', 'DenA', 'DenF', 'DenF', 'DenA', 'DenE', 'DenC', 'DenH', 'DenH', 'DenB', 'DenC', 'DenG', 'DenB', 'DenD', 'DenC', 'DenG', 'DenD', 'DenB', 'DenE', 'DenE', 'DenG'], 'ISI': ['yellowlightshort.mov'], 'AttenGet': ['AttenGet.mov'], 'Same': ['DenA', 'DenG', 'DenC', 'DenB', 'DenF', 'DenE', 'DenD', 'DenH'], 'Switch': ['RetA', 'RetG', 'RetC', 'RetB', 'RetF', 'RetE', 'RetD', 'RetH']}",1,1,39,Switch,0,0.49497820000033244,0.49497820000033244
1,221,17,1,"{'Hab': ['DenH', 'DenD', 'DenF', 'DenA', 'DenA', 'DenF', 'DenF', 'DenA', 'DenE', 'DenC', 'DenH', 'DenH', 'DenB', 'DenC', 'DenG', 'DenB', 'DenD', 'DenC', 'DenG', 'DenD', 'DenB', 'DenE', 'DenE', 'DenG'], 'ISI': ['yellowlightshort.mov'], 'AttenGet': ['AttenGet.mov'], 'Same': ['DenA', 'DenG', 'DenC', 'DenB', 'DenF', 'DenE', 'DenD', 'DenH'], 'Switch': ['RetA', 'RetG', 'RetC', 'RetB', 'RetF', 'RetE', 'RetD', 'RetH']}",1,0,39,Switch,0.4949803999988944,0.6781308999998146,0.18315050000092015
1,221,17,1,"{'Hab': ['DenH', 'DenD', 'DenF', 'DenA', 'DenA', 'DenF', 'DenF', 'DenA', 'DenE', 'DenC', 'DenH', 'DenH', 'DenB', 'DenC', 'DenG', 'DenB', 'DenD', 'DenC', 'DenG', 'DenD', 'DenB', 'DenE', 'DenE', 'DenG'], 'ISI': ['yellowlightshort.mov'], 'AttenGet': ['AttenGet.mov'], 'Same': ['DenA', 'DenG', 'DenC', 'DenB', 'DenF', 'DenE', 'DenD', 'DenH'], 'Switch': ['RetA', 'RetG', 'RetC', 'RetB', 'RetF', 'RetE', 'RetD', 'RetH']}",1,1,39,Switch,0.678128999999899,0.6950906999991275,0.016961699999228586
1,221,17,1,"{'Hab': ['DenH', 'DenD', 'DenF', 'DenA', 'DenA', 'DenF', 'DenF', 'DenA', 'DenE', 'DenC', 'DenH', 'DenH', 'DenB', 'DenC', 'DenG', 'DenB', 'DenD', 'DenC', 'DenG', 'DenD', 'DenB', 'DenE', 'DenE', 'DenG'], 'ISI': ['yellowlightshort.mov'], 'AttenGet': ['AttenGet.mov'], 'Same': ['DenA', 'DenG', 'DenC', 'DenB', 'DenF', 'DenE', 'DenD', 'DenH'], 'Switch': ['RetA', 'RetG', 'RetC', 'RetB', 'RetF', 'RetE', 'RetD', 'RetH']}",1,0,39,Switch,0.6950925999990432,0.7116707999994105,0.01657820000036736
1,221,17,1,"{'Hab': ['DenH', 'DenD', 'DenF', 'DenA', 'DenA', 'DenF', 'DenF', 'DenA', 'DenE', 'DenC', 'DenH', 'DenH', 'DenB', 'DenC', 'DenG', 'DenB', 'DenD', 'DenC', 'DenG', 'DenD', 'DenB', 'DenE', 'DenE', 'DenG'], 'ISI': ['yellowlightshort.mov'], 'AttenGet': ['AttenGet.mov'], 'Same': ['DenA', 'DenG', 'DenC', 'DenB', 'DenF', 'DenE', 'DenD', 'DenH'], 'Switch': ['RetA', 'RetG', 'RetC', 'RetB', 'RetF', 'RetE', 'RetD', 'RetH']}",1,1,39,Switch,0.7116688999994949,1.0117090999992797,0.3000401999997848
1,221,17,1,"{'Hab': ['DenH', 'DenD', 'DenF', 'DenA', 'DenA', 'DenF', 'DenF', 'DenA', 'DenE', 'DenC', 'DenH', 'DenH', 'DenB', 'DenC', 'DenG', 'DenB', 'DenD', 'DenC', 'DenG', 'DenD', 'DenB', 'DenE', 'DenE', 'DenG'], 'ISI': ['yellowlightshort.mov'], 'AttenGet': ['AttenGet.mov'], 'Same': ['DenA', 'DenG', 'DenC', 'DenB', 'DenF', 'DenE', 'DenD', 'DenH'], 'Switch': ['RetA', 'RetG', 'RetC', 'RetB', 'RetF', 'RetE', 'RetD', 'RetH']}",1,1,40,Switch,0,0.14493020000008983,0.14493020000008983
1,221,17,1,"{'Hab': ['DenH', 'DenD', 'DenF', 'DenA', 'DenA', 'DenF', 'DenF', 'DenA', 'DenE', 'DenC', 'DenH', 'DenH', 'DenB', 'DenC', 'DenG', 'DenB', 'DenD', 'DenC', 'DenG', 'DenD', 'DenB', 'DenE', 'DenE', 'DenG'], 'ISI': ['yellowlightshort.mov'], 'AttenGet': ['AttenGet.mov'], 'Same': ['DenA', 'DenG', 'DenC', 'DenB', 'DenF', 'DenE', 'DenD', 'DenH'], 'Switch': ['RetA', 'RetG', 'RetC', 'RetB', 'RetF', 'RetE', 'RetD', 'RetH']}",1,0,40,Switch,0.14493229999970936,0.34481179999966116,0.1998794999999518
1,221,17,1,"{'Hab': ['DenH', 'DenD', 'DenF', 'DenA', 'DenA', 'DenF', 'DenF', 'DenA', 'DenE', 'DenC', 'DenH', 'DenH', 'DenB', 'DenC', 'DenG', 'DenB', 'DenD', 'DenC', 'DenG', 'DenD', 'DenB', 'DenE', 'DenE', 'DenG'], 'ISI': ['yellowlightshort.mov'], 'AttenGet': ['AttenGet.mov'], 'Same': ['DenA', 'DenG', 'DenC', 'DenB', 'DenF', 'DenE', 'DenD', 'DenH'], 'Switch': ['RetA', 'RetG', 'RetC', 'RetB', 'RetF', 'RetE', 'RetD', 'RetH']}",1,1,40,Switch,0.34480989999974554,0.9284150000003137,0.5836051000005682
1,221,17,1,"{'Hab': ['DenH', 'DenD', 'DenF', 'DenA', 'DenA', 'DenF', 'DenF', 'DenA', 'DenE', 'DenC', 'DenH', 'DenH', 'DenB', 'DenC', 'DenG', 'DenB', 'DenD', 'DenC', 'DenG', 'DenD', 'DenB', 'DenE', 'DenE', 'DenG'], 'ISI': ['yellowlightshort.mov'], 'AttenGet': ['AttenGet.mov'], 'Same': ['DenA', 'DenG', 'DenC', 'DenB', 'DenF', 'DenE', 'DenD', 'DenH'], 'Switch': ['RetA', 'RetG', 'RetC', 'RetB', 'RetF', 'RetE', 'RetD', 'RetH']}",1,0,40,Switch,0.9284170999999333,1.011770200000683,0.08335310000074969
1,221,17,1,"{'Hab': ['DenH', 'DenD', 'DenF', 'DenA', 'DenA', 'DenF', 'DenF', 'DenA', 'DenE', 'DenC', 'DenH', 'DenH', 'DenB', 'DenC', 'DenG', 'DenB', 'DenD', 'DenC', 'DenG', 'DenD', 'DenB', 'DenE', 'DenE', 'DenG'], 'ISI': ['yellowlightshort.mov'], 'AttenGet': ['AttenGet.mov'], 'Same': ['DenA', 'DenG', 'DenC', 'DenB', 'DenF', 'DenE', 'DenD', 'DenH'], 'Switch': ['RetA', 'RetG', 'RetC', 'RetB', 'RetF', 'RetE', 'RetD', 'RetH']}",1,0,41,Switch,0,0.028347500001473236,0.028347500001473236
1,221,17,1,"{'Hab': ['DenH', 'DenD', 'DenF', 'DenA', 'DenA', 'DenF', 'DenF', 'DenA', 'DenE', 'DenC', 'DenH', 'DenH', 'DenB', 'DenC', 'DenG', 'DenB', 'DenD', 'DenC', 'DenG', 'DenD', 'DenB', 'DenE', 'DenE', 'DenG'], 'ISI': ['yellowlightshort.mov'], 'AttenGet': ['AttenGet.mov'], 'Same': ['DenA', 'DenG', 'DenC', 'DenB', 'DenF', 'DenE', 'DenD', 'DenH'], 'Switch': ['RetA', 'RetG', 'RetC', 'RetB', 'RetF', 'RetE', 'RetD', 'RetH']}",1,1,41,Switch,0.028345500000796164,1.0115098000005673,0.9831642999997712
1,221,17,1,"{'Hab': ['DenH', 'DenD', 'DenF', 'DenA', 'DenA', 'DenF', 'DenF', 'DenA', 'DenE', 'DenC', 'DenH', 'DenH', 'DenB', 'DenC', 'DenG', 'DenB', 'DenD', 'DenC', 'DenG', 'DenD', 'DenB', 'DenE', 'DenE', 'DenG'], 'ISI': ['yellowlightshort.mov'], 'AttenGet': ['AttenGet.mov'], 'Same': ['DenA', 'DenG', 'DenC', 'DenB', 'DenF', 'DenE', 'DenD', 'DenH'], 'Switch': ['RetA', 'RetG', 'RetC', 'RetB', 'RetF', 'RetE', 'RetD', 'RetH']}",1,1,42,Switch,0,1.0115803000007872,1.0115803000007872
1,221,17,1,"{'Hab': ['DenH', 'DenD', 'DenF', 'DenA', 'DenA', 'DenF', 'DenF', 'DenA', 'DenE', 'DenC', 'DenH', 'DenH', 'DenB', 'DenC', 'DenG', 'DenB', 'DenD', 'DenC', 'DenG', 'DenD', 'DenB', 'DenE', 'DenE', 'DenG'], 'ISI': ['yellowlightshort.mov'], 'AttenGet': ['AttenGet.mov'], 'Same': ['DenA', 'DenG', 'DenC', 'DenB', 'DenF', 'DenE', 'DenD', 'DenH'], 'Switch': ['RetA', 'RetG', 'RetC', 'RetB', 'RetF', 'RetE', 'RetD', 'RetH']}",1,1,43,Switch,0,0.028353099998639664,0.028353099998639664
1,221,17,1,"{'Hab': ['DenH', 'DenD', 'DenF', 'DenA', 'DenA', 'DenF', 'DenF', 'DenA', 'DenE', 'DenC', 'DenH', 'DenH', 'DenB', 'DenC', 'DenG', 'DenB', 'DenD', 'DenC', 'DenG', 'DenD', 'DenB', 'DenE', 'DenE', 'DenG'], 'ISI': ['yellowlightshort.mov'], 'AttenGet': ['AttenGet.mov'], 'Same': ['DenA', 'DenG', 'DenC', 'DenB', 'DenF', 'DenE', 'DenD', 'DenH'], 'Switch': ['RetA', 'RetG', 'RetC', 'RetB', 'RetF', 'RetE', 'RetD', 'RetH']}",1,0,43,Switch,0.028355200000078185,0.19497249999949418,0.166617299999416
1,221,17,1,"{'Hab': ['DenH', 'DenD', 'DenF', 'DenA', 'DenA', 'DenF', 'DenF', 'DenA', 'DenE', 'DenC', 'DenH', 'DenH', 'DenB', 'DenC', 'DenG', 'DenB', 'DenD', 'DenC', 'DenG', 'DenD', 'DenB', 'DenE', 'DenE', 'DenG'], 'ISI': ['yellowlightshort.mov'], 'AttenGet': ['AttenGet.mov'], 'Same': ['DenA', 'DenG', 'DenC', 'DenB', 'DenF', 'DenE', 'DenD', 'DenH'], 'Switch': ['RetA', 'RetG', 'RetC', 'RetB', 'RetF', 'RetE', 'RetD', 'RetH']}",1,1,43,Switch,0.19497059999957855,0.21164829999906942,0.01667769999949087
1,221,17,1,"{'Hab': ['DenH', 'DenD', 'DenF', 'DenA', 'DenA', 'DenF', 'DenF', 'DenA', 'DenE', 'DenC', 'DenH', 'DenH', 'DenB', 'DenC', 'DenG', 'DenB', 'DenD', 'DenC', 'DenG', 'DenD', 'DenB', 'DenE', 'DenE', 'DenG'], 'ISI': ['yellowlightshort.mov'], 'AttenGet': ['AttenGet.mov'], 'Same': ['DenA', 'DenG', 'DenC', 'DenB', 'DenF', 'DenE', 'DenD', 'DenH'], 'Switch': ['RetA', 'RetG', 'RetC', 'RetB', 'RetF', 'RetE', 'RetD', 'RetH']}",1,0,43,Switch,0.2116502999997465,0.2283717999998771,0.016721500000130618
1,221,17,1,"{'Hab': ['DenH', 'DenD', 'DenF', 'DenA', 'DenA', 'DenF', 'DenF', 'DenA', 'DenE', 'DenC', 'DenH', 'DenH', 'DenB', 'DenC', 'DenG', 'DenB', 'DenD', 'DenC', 'DenG', 'DenD', 'DenB', 'DenE', 'DenE', 'DenG'], 'ISI': ['yellowlightshort.mov'], 'AttenGet': ['AttenGet.mov'], 'Same': ['DenA', 'DenG', 'DenC', 'DenB', 'DenF', 'DenE', 'DenD', 'DenH'], 'Switch': ['RetA', 'RetG', 'RetC', 'RetB', 'RetF', 'RetE', 'RetD', 'RetH']}",1,1,43,Switch,0.22836979999920004,1.011681399999361,0.783311600000161
1,221,17,1,"{'Hab': ['DenH', 'DenD', 'DenF', 'DenA', 'DenA', 'DenF', 'DenF', 'DenA', 'DenE', 'DenC', 'DenH', 'DenH', 'DenB', 'DenC', 'DenG', 'DenB', 'DenD', 'DenC', 'DenG', 'DenD', 'DenB', 'DenE', 'DenE', 'DenG'], 'ISI': ['yellowlightshort.mov'], 'AttenGet': ['AttenGet.mov'], 'Same': ['DenA', 'DenG', 'DenC', 'DenB', 'DenF', 'DenE', 'DenD', 'DenH'], 'Switch': ['RetA', 'RetG', 'RetC', 'RetB', 'RetF', 'RetE', 'RetD', 'RetH']}",1,1,44,Switch,0,1.0117700999999215,1.0117700999999215
1,221,17,1,"{'Hab': ['DenH', 'DenD', 'DenF', 'DenA', 'DenA', 'DenF', 'DenF', 'DenA', 'DenE', 'DenC', 'DenH', 'DenH', 'DenB', 'DenC', 'DenG', 'DenB', 'DenD', 'DenC', 'DenG', 'DenD', 'DenB', 'DenE', 'DenE', 'DenG'], 'ISI': ['yellowlightshort.mov'], 'AttenGet': ['AttenGet.mov'], 'Same': ['DenA', 'DenG', 'DenC', 'DenB', 'DenF', 'DenE', 'DenD', 'DenH'], 'Switch': ['RetA', 'RetG', 'RetC', 'RetB', 'RetF', 'RetE', 'RetD', 'RetH']}",1,1,45,AttenGet,0,0.9449401999991096,0.9449401999991096
1,221,17,1,"{'Hab': ['DenH', 'DenD', 'DenF', 'DenA', 'DenA', 'DenF', 'DenF', 'DenA', 'DenE', 'DenC', 'DenH', 'DenH', 'DenB', 'DenC', 'DenG', 'DenB', 'DenD', 'DenC', 'DenG', 'DenD', 'DenB', 'DenE', 'DenE', 'DenG'], 'ISI': ['yellowlightshort.mov'], 'AttenGet': ['AttenGet.mov'], 'Same': ['DenA', 'DenG', 'DenC', 'DenB', 'DenF', 'DenE', 'DenD', 'DenH'], 'Switch': ['RetA', 'RetG', 'RetC', 'RetB', 'RetF', 'RetE', 'RetD', 'RetH']}",1,0,45,AttenGet,0.9449422999987291,1.1115744999988237,0.1666322000000946
1,221,17,1,"{'Hab': ['DenH', 'DenD', 'DenF', 'DenA', 'DenA', 'DenF', 'DenF', 'DenA', 'DenE', 'DenC', 'DenH', 'DenH', 'DenB', 'DenC', 'DenG', 'DenB', 'DenD', 'DenC', 'DenG', 'DenD', 'DenB', 'DenE', 'DenE', 'DenG'], 'ISI': ['yellowlightshort.mov'], 'AttenGet': ['AttenGet.mov'], 'Same': ['DenA', 'DenG', 'DenC', 'DenB', 'DenF', 'DenE', 'DenD', 'DenH'], 'Switch': ['RetA', 'RetG', 'RetC', 'RetB', 'RetF', 'RetE', 'RetD', 'RetH']}",1,1,45,AttenGet,1.1115725999989081,3.6783446999997977,2.5667721000008896
1,221,17,1,"{'Hab': ['DenH', 'DenD', 'DenF', 'DenA', 'DenA', 'DenF', 'DenF', 'DenA', 'DenE', 'DenC', 'DenH', 'DenH', 'DenB', 'DenC', 'DenG', 'DenB', 'DenD', 'DenC', 'DenG', 'DenD', 'DenB', 'DenE', 'DenE', 'DenG'], 'ISI': ['yellowlightshort.mov'], 'AttenGet': ['AttenGet.mov'], 'Same': ['DenA', 'DenG', 'DenC', 'DenB', 'DenF', 'DenE', 'DenD', 'DenH'], 'Switch': ['RetA', 'RetG', 'RetC', 'RetB', 'RetF', 'RetE', 'RetD', 'RetH']}",1,0,45,AttenGet,3.6783467999994173,3.8450987999985955,0.16675199999917822
1,221,17,1,"{'Hab': ['DenH', 'DenD', 'DenF', 'DenA', 'DenA', 'DenF', 'DenF', 'DenA', 'DenE', 'DenC', 'DenH', 'DenH', 'DenB', 'DenC', 'DenG', 'DenB', 'DenD', 'DenC', 'DenG', 'DenD', 'DenB', 'DenE', 'DenE', 'DenG'], 'ISI': ['yellowlightshort.mov'], 'AttenGet': ['AttenGet.mov'], 'Same': ['DenA', 'DenG', 'DenC', 'DenB', 'DenF', 'DenE', 'DenD', 'DenH'], 'Switch': ['RetA', 'RetG', 'RetC', 'RetB', 'RetF', 'RetE', 'RetD', 'RetH']}",1,1,45,AttenGet,3.8450967999997374,3.861648199999763,0.01655140000002575
1,221,17,1,"{'Hab': ['DenH', 'DenD', 'DenF', 'DenA', 'DenA', 'DenF', 'DenF', 'DenA', 'DenE', 'DenC', 'DenH', 'DenH', 'DenB', 'DenC', 'DenG', 'DenB', 'DenD', 'DenC', 'DenG', 'DenD', 'DenB', 'DenE', 'DenE', 'DenG'], 'ISI': ['yellowlightshort.mov'], 'AttenGet': ['AttenGet.mov'], 'Same': ['DenA', 'DenG', 'DenC', 'DenB', 'DenF', 'DenE', 'DenD', 'DenH'], 'Switch': ['RetA', 'RetG', 'RetC', 'RetB', 'RetF', 'RetE', 'RetD', 'RetH']}",1,0,45,AttenGet,3.8616501999986212,3.8783995999983745,0.016749399999753223
1,221,17,1,"{'Hab': ['DenH', 'DenD', 'DenF', 'DenA', 'DenA', 'DenF', 'DenF', 'DenA', 'DenE', 'DenC', 'DenH', 'DenH', 'DenB', 'DenC', 'DenG', 'DenB', 'DenD', 'DenC', 'DenG', 'DenD', 'DenB', 'DenE', 'DenE', 'DenG'], 'ISI': ['yellowlightshort.mov'], 'AttenGet': ['AttenGet.mov'], 'Same': ['DenA', 'DenG', 'DenC', 'DenB', 'DenF', 'DenE', 'DenD', 'DenH'], 'Switch': ['RetA', 'RetG', 'RetC', 'RetB', 'RetF', 'RetE', 'RetD', 'RetH']}",1,1,45,AttenGet,3.878397699998459,4.928376799998659,1.0499791000002006
1,221,17,1,"{'Hab': ['DenH', 'DenD', 'DenF', 'DenA', 'DenA', 'DenF', 'DenF', 'DenA', 'DenE', 'DenC', 'DenH', 'DenH', 'DenB', 'DenC', 'DenG', 'DenB', 'DenD', 'DenC', 'DenG', 'DenD', 'DenB', 'DenE', 'DenE', 'DenG'], 'ISI': ['yellowlightshort.mov'], 'AttenGet': ['AttenGet.mov'], 'Same': ['DenA', 'DenG', 'DenC', 'DenB', 'DenF', 'DenE', 'DenD', 'DenH'], 'Switch': ['RetA', 'RetG', 'RetC', 'RetB', 'RetF', 'RetE', 'RetD', 'RetH']}",1,0,45,AttenGet,4.9283787999993365,5.111718199999814,0.18333940000047733
1,221,17,1,"{'Hab': ['DenH', 'DenD', 'DenF', 'DenA', 'DenA', 'DenF', 'DenF', 'DenA', 'DenE', 'DenC', 'DenH', 'DenH', 'DenB', 'DenC', 'DenG', 'DenB', 'DenD', 'DenC', 'DenG', 'DenD', 'DenB', 'DenE', 'DenE', 'DenG'], 'ISI': ['yellowlightshort.mov'], 'AttenGet': ['AttenGet.mov'], 'Same': ['DenA', 'DenG', 'DenC', 'DenB', 'DenF', 'DenE', 'DenD', 'DenH'], 'Switch': ['RetA', 'RetG', 'RetC', 'RetB', 'RetF', 'RetE', 'RetD', 'RetH']}",1,1,45,AttenGet,5.111716299999898,6.628373899999133,1.5166575999992347
1,221,17,1,"{'Hab': ['DenH', 'DenD', 'DenF', 'DenA', 'DenA', 'DenF', 'DenF', 'DenA', 'DenE', 'DenC', 'DenH', 'DenH', 'DenB', 'DenC', 'DenG', 'DenB', 'DenD', 'DenC', 'DenG', 'DenD', 'DenB', 'DenE', 'DenE', 'DenG'], 'ISI': ['yellowlightshort.mov'], 'AttenGet': ['AttenGet.mov'], 'Same': ['DenA', 'DenG', 'DenC', 'DenB', 'DenF', 'DenE', 'DenD', 'DenH'], 'Switch': ['RetA', 'RetG', 'RetC', 'RetB', 'RetF', 'RetE', 'RetD', 'RetH']}",1,0,45,AttenGet,6.628376099999514,6.811848999999711,0.18347290000019711
1,221,17,1,"{'Hab': ['DenH', 'DenD', 'DenF', 'DenA', 'DenA', 'DenF', 'DenF', 'DenA', 'DenE', 'DenC', 'DenH', 'DenH', 'DenB', 'DenC', 'DenG', 'DenB', 'DenD', 'DenC', 'DenG', 'DenD', 'DenB', 'DenE', 'DenE', 'DenG'], 'ISI': ['yellowlightshort.mov'], 'AttenGet': ['AttenGet.mov'], 'Same': ['DenA', 'DenG', 'DenC', 'DenB', 'DenF', 'DenE', 'DenD', 'DenH'], 'Switch': ['RetA', 'RetG', 'RetC', 'RetB', 'RetF', 'RetE', 'RetD', 'RetH']}",1,1,45,AttenGet,6.811847099999795,7.895298299999922,1.0834512000001268
1,221,17,1,"{'Hab': ['DenH', 'DenD', 'DenF', 'DenA', 'DenA', 'DenF', 'DenF', 'DenA', 'DenE', 'DenC', 'DenH', 'DenH', 'DenB', 'DenC', 'DenG', 'DenB', 'DenD', 'DenC', 'DenG', 'DenD', 'DenB', 'DenE', 'DenE', 'DenG'], 'ISI': ['yellowlightshort.mov'], 'AttenGet': ['AttenGet.mov'], 'Same': ['DenA', 'DenG', 'DenC', 'DenB', 'DenF', 'DenE', 'DenD', 'DenH'], 'Switch': ['RetA', 'RetG', 'RetC', 'RetB', 'RetF', 'RetE', 'RetD', 'RetH']}",1,0,45,AttenGet,7.895300399999542,8.028524800000014,0.1332244000004721
1,221,17,1,"{'Hab': ['DenH', 'DenD', 'DenF', 'DenA', 'DenA', 'DenF', 'DenF', 'DenA', 'DenE', 'DenC', 'DenH', 'DenH', 'DenB', 'DenC', 'DenG', 'DenB', 'DenD', 'DenC', 'DenG', 'DenD', 'DenB', 'DenE', 'DenE', 'DenG'], 'ISI': ['yellowlightshort.mov'], 'AttenGet': ['AttenGet.mov'], 'Same': ['DenA', 'DenG', 'DenC', 'DenB', 'DenF', 'DenE', 'DenD', 'DenH'], 'Switch': ['RetA', 'RetG', 'RetC', 'RetB', 'RetF', 'RetE', 'RetD', 'RetH']}",1,1,45,AttenGet,8.028522900000098,8.045357499999227,0.01683459999912884
1,221,17,1,"{'Hab': ['DenH', 'DenD', 'DenF', 'DenA', 'DenA', 'DenF', 'DenF', 'DenA', 'DenE', 'DenC', 'DenH', 'DenH', 'DenB', 'DenC', 'DenG', 'DenB', 'DenD', 'DenC', 'DenG', 'DenD', 'DenB', 'DenE', 'DenE', 'DenG'], 'ISI': ['yellowlightshort.mov'], 'AttenGet': ['AttenGet.mov'], 'Same': ['DenA', 'DenG', 'DenC', 'DenB', 'DenF', 'DenE', 'DenD', 'DenH'], 'Switch': ['RetA', 'RetG', 'RetC', 'RetB', 'RetF', 'RetE', 'RetD', 'RetH']}",1,0,45,AttenGet,8.045359399999143,8.061886899999081,0.0165274999999383
1,221,17,1,"{'Hab': ['DenH', 'DenD', 'DenF', 'DenA', 'DenA', 'DenF', 'DenF', 'DenA', 'DenE', 'DenC', 'DenH', 'DenH', 'DenB', 'DenC', 'DenG', 'DenB', 'DenD', 'DenC', 'DenG', 'DenD', 'DenB', 'DenE', 'DenE', 'DenG'], 'ISI': ['yellowlightshort.mov'], 'AttenGet': ['AttenGet.mov'], 'Same': ['DenA', 'DenG', 'DenC', 'DenB', 'DenF', 'DenE', 'DenD', 'DenH'], 'Switch': ['RetA', 'RetG', 'RetC', 'RetB', 'RetF', 'RetE', 'RetD', 'RetH']}",1,1,45,AttenGet,8.061884999999165,8.46187689999897,0.39999189999980445
1,221,17,1,"{'Hab': ['DenH', 'DenD', 'DenF', 'DenA', 'DenA', 'DenF', 'DenF', 'DenA', 'DenE', 'DenC', 'DenH', 'DenH', 'DenB', 'DenC', 'DenG', 'DenB', 'DenD', 'DenC', 'DenG', 'DenD', 'DenB', 'DenE', 'DenE', 'DenG'], 'ISI': ['yellowlightshort.mov'], 'AttenGet': ['AttenGet.mov'], 'Same': ['DenA', 'DenG', 'DenC', 'DenB', 'DenF', 'DenE', 'DenD', 'DenH'], 'Switch': ['RetA', 'RetG', 'RetC', 'RetB', 'RetF', 'RetE', 'RetD', 'RetH']}",1,0,45,AttenGet,8.46187909999935,8.561955899998793,0.1000767999994423
1,221,17,1,"{'Hab': ['DenH', 'DenD', 'DenF', 'DenA', 'DenA', 'DenF', 'DenF', 'DenA', 'DenE', 'DenC', 'DenH', 'DenH', 'DenB', 'DenC', 'DenG', 'DenB', 'DenD', 'DenC', 'DenG', 'DenD', 'DenB', 'DenE', 'DenE', 'DenG'], 'ISI': ['yellowlightshort.mov'], 'AttenGet': ['AttenGet.mov'], 'Same': ['DenA', 'DenG', 'DenC', 'DenB', 'DenF', 'DenE', 'DenD', 'DenH'], 'Switch': ['RetA', 'RetG', 'RetC', 'RetB', 'RetF', 'RetE', 'RetD', 'RetH']}",1,1,45,AttenGet,8.561953999998877,12.012042699998347,3.450088699999469
